filename,abs_path,source_dir,frames,rows,cols,photometric,bits_stored,pixel_spacing,frame_time,frame_rate,manufacturer,model_name,rescale_intercept,rescale_slope
1,/mnt/pro/DSA/data/ori_data/DICOM1/1,/mnt/pro/DSA/data/ori_data/DICOM1,42,1024,1024,MONOCHROME2,10,None,,6.0,Philips,UNIQ Clarity,0,1
10,/mnt/pro/DSA/data/ori_data/DICOM1/10,/mnt/pro/DSA/data/ori_data/DICOM1,41,1024,1024,MONOCHROME2,10,None,,6.0,Philips,UNIQ Clarity,0,1
100,/mnt/pro/DSA/data/ori_data/DICOM1/100,/mnt/pro/DSA/data/ori_data/DICOM1,25,1024,1024,MONOCHROME2,10,None,,3.0,Philips,UNIQ Clarity,0,1
101,/mnt/pro/DSA/data/ori_data/DICOM1/101,/mnt/pro/DSA/data/ori_data/DICOM1,42,1024,1024,MONOCHROME2,10,None,,6.0,Philips,UNIQ Clarity,0,1
102,/mnt/pro/DSA/data/ori_data/DICOM1/102,/mnt/pro/DSA/data/ori_data/DICOM1,41,1024,1024,MONOCHROME2,10,None,,6.0,Philips,Allura UNIQ,0,1
11,/mnt/pro/DSA/data/ori_data/DICOM1/11,/mnt/pro/DSA/data/ori_data/DICOM1,43,1024,1024,MONOCHROME2,10,None,,6.0,Philips,UNIQ Clarity,0,1
12,/mnt/pro/DSA/data/ori_data/DICOM1/12,/mnt/pro/DSA/data/ori_data/DICOM1,24,1024,1024,MONOCHROME2,10,None,,3.0,Philips,UNIQ Clarity,0,1
13,/mnt/pro/DSA/data/ori_data/DICOM1/13,/mnt/pro/DSA/data/ori_data/DICOM1,45,1024,1024,MONOCHROME2,10,None,,6.0,Philips,Allura UNIQ,0,1
14,/mnt/pro/DSA/data/ori_data/DICOM1/14,/mnt/pro/DSA/data/ori_data/DICOM1,38,1024,1024,MONOCHROME2,10,None,,6.0,Philips,UNIQ Clarity,0,1
15,/mnt/pro/DSA/data/ori_data/DICOM1/15,/mnt/pro/DSA/data/ori_data/DICOM1,35,1024,1024,MONOCHROME2,10,None,,4.0,Philips,UNIQ Clarity,0,1
16,/mnt/pro/DSA/data/ori_data/DICOM1/16,/mnt/pro/DSA/data/ori_data/DICOM1,40,1024,1024,MONOCHROME2,10,None,,6.0,Philips,UNIQ Clarity,0,1
17,/mnt/pro/DSA/data/ori_data/DICOM1/17,/mnt/pro/DSA/data/ori_data/DICOM1,37,1024,1024,MONOCHROME2,10,None,,6.0,Philips,UNIQ Clarity,0,1
18,/mnt/pro/DSA/data/ori_data/DICOM1/18,/mnt/pro/DSA/data/ori_data/DICOM1,41,1024,1024,MONOCHROME2,10,None,,6.0,Philips,UNIQ Clarity,0,1
19,/mnt/pro/DSA/data/ori_data/DICOM1/19,/mnt/pro/DSA/data/ori_data/DICOM1,43,1024,1024,MONOCHROME2,10,None,,6.0,Philips,UNIQ Clarity,0,1
2,/mnt/pro/DSA/data/ori_data/DICOM1/2,/mnt/pro/DSA/data/ori_data/DICOM1,48,1024,1024,MONOCHROME2,10,None,,6.0,Philips,Allura UNIQ,0,1
20,/mnt/pro/DSA/data/ori_data/DICOM1/20,/mnt/pro/DSA/data/ori_data/DICOM1,44,1024,1024,MONOCHROME2,10,None,,6.0,Philips,UNIQ Clarity,0,1
21,/mnt/pro/DSA/data/ori_data/DICOM1/21,/mnt/pro/DSA/data/ori_data/DICOM1,42,1024,1024,MONOCHROME2,10,None,,6.0,Philips,UNIQ Clarity,0,1
22,/mnt/pro/DSA/data/ori_data/DICOM1/22,/mnt/pro/DSA/data/ori_data/DICOM1,35,1024,1024,MONOCHROME2,10,None,,6.0,Philips,UNIQ Clarity,0,1
23,/mnt/pro/DSA/data/ori_data/DICOM1/23,/mnt/pro/DSA/data/ori_data/DICOM1,55,1024,1024,MONOCHROME2,10,None,,6.0,Philips,Allura UNIQ,0,1
24,/mnt/pro/DSA/data/ori_data/DICOM1/24,/mnt/pro/DSA/data/ori_data/DICOM1,41,1024,1024,MONOCHROME2,10,None,,6.0,Philips,UNIQ Clarity,0,1
25,/mnt/pro/DSA/data/ori_data/DICOM1/25,/mnt/pro/DSA/data/ori_data/DICOM1,49,1024,1024,MONOCHROME2,10,None,,6.0,Philips,Allura UNIQ,0,1
26,/mnt/pro/DSA/data/ori_data/DICOM1/26,/mnt/pro/DSA/data/ori_data/DICOM1,44,1024,1024,MONOCHROME2,10,None,,6.0,Philips,Allura UNIQ,0,1
27,/mnt/pro/DSA/data/ori_data/DICOM1/27,/mnt/pro/DSA/data/ori_data/DICOM1,26,1024,1024,MONOCHROME2,10,None,,3.0,Philips,UNIQ Clarity,0,1
28,/mnt/pro/DSA/data/ori_data/DICOM1/28,/mnt/pro/DSA/data/ori_data/DICOM1,45,1024,1024,MONOCHROME2,10,None,,6.0,Philips,Allura UNIQ,0,1
29,/mnt/pro/DSA/data/ori_data/DICOM1/29,/mnt/pro/DSA/data/ori_data/DICOM1,43,1024,1024,MONOCHROME2,10,None,,6.0,Philips,Allura UNIQ,0,1
3,/mnt/pro/DSA/data/ori_data/DICOM1/3,/mnt/pro/DSA/data/ori_data/DICOM1,41,1024,1024,MONOCHROME2,10,None,,6.0,Philips,UNIQ Clarity,0,1
30,/mnt/pro/DSA/data/ori_data/DICOM1/30,/mnt/pro/DSA/data/ori_data/DICOM1,55,1024,1024,MONOCHROME2,10,None,,6.0,Philips,Allura UNIQ,0,1
31,/mnt/pro/DSA/data/ori_data/DICOM1/31,/mnt/pro/DSA/data/ori_data/DICOM1,46,1024,1024,MONOCHROME2,10,None,,6.0,Philips,Allura UNIQ,0,1
32,/mnt/pro/DSA/data/ori_data/DICOM1/32,/mnt/pro/DSA/data/ori_data/DICOM1,47,1024,1024,MONOCHROME2,10,None,,6.0,Philips,Allura UNIQ,0,1
33,/mnt/pro/DSA/data/ori_data/DICOM1/33,/mnt/pro/DSA/data/ori_data/DICOM1,47,1024,1024,MONOCHROME2,10,None,,6.0,Philips,UNIQ Clarity,0,1
34,/mnt/pro/DSA/data/ori_data/DICOM1/34,/mnt/pro/DSA/data/ori_data/DICOM1,97,1024,1024,MONOCHROME2,10,None,,12.0,Philips,Allura UNIQ,0,1
35,/mnt/pro/DSA/data/ori_data/DICOM1/35,/mnt/pro/DSA/data/ori_data/DICOM1,41,1024,1024,MONOCHROME2,10,None,,6.0,Philips,UNIQ Clarity,0,1
36,/mnt/pro/DSA/data/ori_data/DICOM1/36,/mnt/pro/DSA/data/ori_data/DICOM1,43,1024,1024,MONOCHROME2,10,None,,6.0,Philips,UNIQ Clarity,0,1
37,/mnt/pro/DSA/data/ori_data/DICOM1/37,/mnt/pro/DSA/data/ori_data/DICOM1,24,1024,1024,MONOCHROME2,10,None,,3.0,Philips,UNIQ Clarity,0,1
38,/mnt/pro/DSA/data/ori_data/DICOM1/38,/mnt/pro/DSA/data/ori_data/DICOM1,40,1024,1024,MONOCHROME2,10,None,,6.0,Philips,Allura UNIQ,0,1
39,/mnt/pro/DSA/data/ori_data/DICOM1/39,/mnt/pro/DSA/data/ori_data/DICOM1,40,1024,1024,MONOCHROME2,10,None,,6.0,Philips,UNIQ Clarity,0,1
4,/mnt/pro/DSA/data/ori_data/DICOM1/4,/mnt/pro/DSA/data/ori_data/DICOM1,45,1024,1024,MONOCHROME2,10,None,,6.0,Philips,Allura UNIQ,0,1
40,/mnt/pro/DSA/data/ori_data/DICOM1/40,/mnt/pro/DSA/data/ori_data/DICOM1,52,1024,1024,MONOCHROME2,10,None,,6.0,Philips,Allura UNIQ,0,1
41,/mnt/pro/DSA/data/ori_data/DICOM1/41,/mnt/pro/DSA/data/ori_data/DICOM1,41,1024,1024,MONOCHROME2,10,None,,6.0,Philips,UNIQ Clarity,0,1
42,/mnt/pro/DSA/data/ori_data/DICOM1/42,/mnt/pro/DSA/data/ori_data/DICOM1,49,1024,1024,MONOCHROME2,10,None,,6.0,Philips,Allura UNIQ,0,1
43,/mnt/pro/DSA/data/ori_data/DICOM1/43,/mnt/pro/DSA/data/ori_data/DICOM1,41,1024,1024,MONOCHROME2,10,None,,6.0,Philips,UNIQ Clarity,0,1
44,/mnt/pro/DSA/data/ori_data/DICOM1/44,/mnt/pro/DSA/data/ori_data/DICOM1,46,1024,1024,MONOCHROME2,10,None,,6.0,Philips,UNIQ Clarity,0,1
45,/mnt/pro/DSA/data/ori_data/DICOM1/45,/mnt/pro/DSA/data/ori_data/DICOM1,43,1024,1024,MONOCHROME2,10,None,,6.0,Philips,UNIQ Clarity,0,1
46,/mnt/pro/DSA/data/ori_data/DICOM1/46,/mnt/pro/DSA/data/ori_data/DICOM1,44,1024,1024,MONOCHROME2,10,None,,6.0,Philips,Allura UNIQ,0,1
47,/mnt/pro/DSA/data/ori_data/DICOM1/47,/mnt/pro/DSA/data/ori_data/DICOM1,41,1024,1024,MONOCHROME2,10,None,,6.0,Philips,UNIQ Clarity,0,1
48,/mnt/pro/DSA/data/ori_data/DICOM1/48,/mnt/pro/DSA/data/ori_data/DICOM1,41,1024,1024,MONOCHROME2,10,None,,6.0,Philips,UNIQ Clarity,0,1
49,/mnt/pro/DSA/data/ori_data/DICOM1/49,/mnt/pro/DSA/data/ori_data/DICOM1,26,1024,1024,MONOCHROME2,10,None,,3.0,Philips,UNIQ Clarity,0,1
5,/mnt/pro/DSA/data/ori_data/DICOM1/5,/mnt/pro/DSA/data/ori_data/DICOM1,40,1024,1024,MONOCHROME2,10,None,,6.0,Philips,UNIQ Clarity,0,1
50,/mnt/pro/DSA/data/ori_data/DICOM1/50,/mnt/pro/DSA/data/ori_data/DICOM1,54,1024,1024,MONOCHROME2,10,None,,6.0,Philips,Allura UNIQ,0,1
51,/mnt/pro/DSA/data/ori_data/DICOM1/51,/mnt/pro/DSA/data/ori_data/DICOM1,44,1024,1024,MONOCHROME2,10,None,,6.0,Philips,UNIQ Clarity,0,1
52,/mnt/pro/DSA/data/ori_data/DICOM1/52,/mnt/pro/DSA/data/ori_data/DICOM1,42,1024,1024,MONOCHROME2,10,None,,6.0,Philips,UNIQ Clarity,0,1
53,/mnt/pro/DSA/data/ori_data/DICOM1/53,/mnt/pro/DSA/data/ori_data/DICOM1,25,1024,1024,MONOCHROME2,10,None,,3.0,Philips,UNIQ Clarity,0,1
54,/mnt/pro/DSA/data/ori_data/DICOM1/54,/mnt/pro/DSA/data/ori_data/DICOM1,52,1024,1024,MONOCHROME2,10,None,,6.0,Philips,Allura UNIQ,0,1
55,/mnt/pro/DSA/data/ori_data/DICOM1/55,/mnt/pro/DSA/data/ori_data/DICOM1,50,1024,1024,MONOCHROME2,10,None,,6.0,Philips,Allura UNIQ,0,1
56,/mnt/pro/DSA/data/ori_data/DICOM1/56,/mnt/pro/DSA/data/ori_data/DICOM1,44,1024,1024,MONOCHROME2,10,None,,6.0,Philips,Allura UNIQ,0,1
57,/mnt/pro/DSA/data/ori_data/DICOM1/57,/mnt/pro/DSA/data/ori_data/DICOM1,41,1024,1024,MONOCHROME2,10,None,,6.0,Philips,UNIQ Clarity,0,1
58,/mnt/pro/DSA/data/ori_data/DICOM1/58,/mnt/pro/DSA/data/ori_data/DICOM1,44,1024,1024,MONOCHROME2,10,None,,6.0,Philips,Allura UNIQ,0,1
59,/mnt/pro/DSA/data/ori_data/DICOM1/59,/mnt/pro/DSA/data/ori_data/DICOM1,21,1024,1024,MONOCHROME2,10,None,,3.0,Philips,UNIQ Clarity,0,1
6,/mnt/pro/DSA/data/ori_data/DICOM1/6,/mnt/pro/DSA/data/ori_data/DICOM1,39,1024,1024,MONOCHROME2,10,None,,6.0,Philips,UNIQ Clarity,0,1
60,/mnt/pro/DSA/data/ori_data/DICOM1/60,/mnt/pro/DSA/data/ori_data/DICOM1,37,1024,1024,MONOCHROME2,10,None,,6.0,Philips,UNIQ Clarity,0,1
61,/mnt/pro/DSA/data/ori_data/DICOM1/61,/mnt/pro/DSA/data/ori_data/DICOM1,21,1024,1024,MONOCHROME2,10,None,,3.0,Philips,UNIQ Clarity,0,1
62,/mnt/pro/DSA/data/ori_data/DICOM1/62,/mnt/pro/DSA/data/ori_data/DICOM1,42,1024,1024,MONOCHROME2,10,None,,6.0,Philips,UNIQ Clarity,0,1
63,/mnt/pro/DSA/data/ori_data/DICOM1/63,/mnt/pro/DSA/data/ori_data/DICOM1,47,1024,1024,MONOCHROME2,10,None,,6.0,Philips,Allura UNIQ,0,1
64,/mnt/pro/DSA/data/ori_data/DICOM1/64,/mnt/pro/DSA/data/ori_data/DICOM1,43,1024,1024,MONOCHROME2,10,None,,6.0,Philips,UNIQ Clarity,0,1
65,/mnt/pro/DSA/data/ori_data/DICOM1/65,/mnt/pro/DSA/data/ori_data/DICOM1,49,1024,1024,MONOCHROME2,10,None,,6.0,Philips,Allura UNIQ,0,1
66,/mnt/pro/DSA/data/ori_data/DICOM1/66,/mnt/pro/DSA/data/ori_data/DICOM1,43,1024,1024,MONOCHROME2,10,None,,6.0,Philips,UNIQ Clarity,0,1
67,/mnt/pro/DSA/data/ori_data/DICOM1/67,/mnt/pro/DSA/data/ori_data/DICOM1,43,1024,1024,MONOCHROME2,10,None,,6.0,Philips,UNIQ Clarity,0,1
68,/mnt/pro/DSA/data/ori_data/DICOM1/68,/mnt/pro/DSA/data/ori_data/DICOM1,29,750,750,MONOCHROME2,12,None,,4.0,GE MEDICAL SYSTEMS,DL,0,1
69,/mnt/pro/DSA/data/ori_data/DICOM1/69,/mnt/pro/DSA/data/ori_data/DICOM1,41,1024,1024,MONOCHROME2,10,None,,6.0,Philips,UNIQ Clarity,0,1
7,/mnt/pro/DSA/data/ori_data/DICOM1/7,/mnt/pro/DSA/data/ori_data/DICOM1,41,1024,1024,MONOCHROME2,10,None,,6.0,Philips,UNIQ Clarity,0,1
70,/mnt/pro/DSA/data/ori_data/DICOM1/70,/mnt/pro/DSA/data/ori_data/DICOM1,29,1024,1024,MONOCHROME2,10,None,,4.0,Philips,UNIQ Clarity,0,1
71,/mnt/pro/DSA/data/ori_data/DICOM1/71,/mnt/pro/DSA/data/ori_data/DICOM1,47,1024,1024,MONOCHROME2,10,None,,6.0,Philips,Allura UNIQ,0,1
72,/mnt/pro/DSA/data/ori_data/DICOM1/72,/mnt/pro/DSA/data/ori_data/DICOM1,26,1024,1024,MONOCHROME2,10,None,,3.0,Philips,UNIQ Clarity,0,1
73,/mnt/pro/DSA/data/ori_data/DICOM1/73,/mnt/pro/DSA/data/ori_data/DICOM1,42,1024,1024,MONOCHROME2,10,None,,6.0,Philips,Allura UNIQ,0,1
74,/mnt/pro/DSA/data/ori_data/DICOM1/74,/mnt/pro/DSA/data/ori_data/DICOM1,42,1024,1024,MONOCHROME2,10,None,,6.0,Philips,UNIQ Clarity,0,1
75,/mnt/pro/DSA/data/ori_data/DICOM1/75,/mnt/pro/DSA/data/ori_data/DICOM1,45,1024,1024,MONOCHROME2,10,None,,6.0,Philips,UNIQ Clarity,0,1
76,/mnt/pro/DSA/data/ori_data/DICOM1/76,/mnt/pro/DSA/data/ori_data/DICOM1,40,1024,1024,MONOCHROME2,10,None,,6.0,Philips,UNIQ Clarity,0,1
77,/mnt/pro/DSA/data/ori_data/DICOM1/77,/mnt/pro/DSA/data/ori_data/DICOM1,48,1024,1024,MONOCHROME2,10,None,,6.0,Philips,Allura UNIQ,0,1
78,/mnt/pro/DSA/data/ori_data/DICOM1/78,/mnt/pro/DSA/data/ori_data/DICOM1,41,1024,1024,MONOCHROME2,10,None,,6.0,Philips,UNIQ Clarity,0,1
79,/mnt/pro/DSA/data/ori_data/DICOM1/79,/mnt/pro/DSA/data/ori_data/DICOM1,42,1024,1024,MONOCHROME2,10,None,,6.0,Philips,UNIQ Clarity,0,1
8,/mnt/pro/DSA/data/ori_data/DICOM1/8,/mnt/pro/DSA/data/ori_data/DICOM1,42,1024,1024,MONOCHROME2,10,None,,6.0,Philips,UNIQ Clarity,0,1
80,/mnt/pro/DSA/data/ori_data/DICOM1/80,/mnt/pro/DSA/data/ori_data/DICOM1,51,1024,1024,MONOCHROME2,10,None,,6.0,Philips,Allura UNIQ,0,1
81,/mnt/pro/DSA/data/ori_data/DICOM1/81,/mnt/pro/DSA/data/ori_data/DICOM1,42,1024,1024,MONOCHROME2,10,None,,6.0,Philips,Allura UNIQ,0,1
82,/mnt/pro/DSA/data/ori_data/DICOM1/82,/mnt/pro/DSA/data/ori_data/DICOM1,42,1024,1024,MONOCHROME2,10,None,,6.0,Philips,UNIQ Clarity,0,1
83,/mnt/pro/DSA/data/ori_data/DICOM1/83,/mnt/pro/DSA/data/ori_data/DICOM1,39,1024,1024,MONOCHROME2,10,None,,6.0,Philips,UNIQ Clarity,0,1
84,/mnt/pro/DSA/data/ori_data/DICOM1/84,/mnt/pro/DSA/data/ori_data/DICOM1,40,1024,1024,MONOCHROME2,10,None,,6.0,Philips,UNIQ Clarity,0,1
85,/mnt/pro/DSA/data/ori_data/DICOM1/85,/mnt/pro/DSA/data/ori_data/DICOM1,42,1024,1024,MONOCHROME2,10,None,,6.0,Philips,Allura UNIQ,0,1
86,/mnt/pro/DSA/data/ori_data/DICOM1/86,/mnt/pro/DSA/data/ori_data/DICOM1,34,1024,1024,MONOCHROME2,10,None,,4.0,Philips,UNIQ Clarity,0,1
87,/mnt/pro/DSA/data/ori_data/DICOM1/87,/mnt/pro/DSA/data/ori_data/DICOM1,29,750,750,MONOCHROME2,12,None,,4.0,GE MEDICAL SYSTEMS,DL,0,1
88,/mnt/pro/DSA/data/ori_data/DICOM1/88,/mnt/pro/DSA/data/ori_data/DICOM1,42,1024,1024,MONOCHROME2,10,None,,6.0,Philips,UNIQ Clarity,0,1
89,/mnt/pro/DSA/data/ori_data/DICOM1/89,/mnt/pro/DSA/data/ori_data/DICOM1,43,1024,1024,MONOCHROME2,10,None,,6.0,Philips,Allura UNIQ,0,1
9,/mnt/pro/DSA/data/ori_data/DICOM1/9,/mnt/pro/DSA/data/ori_data/DICOM1,43,1024,1024,MONOCHROME2,10,None,,6.0,Philips,UNIQ Clarity,0,1
90,/mnt/pro/DSA/data/ori_data/DICOM1/90,/mnt/pro/DSA/data/ori_data/DICOM1,38,1024,1024,MONOCHROME2,10,None,,6.0,Philips,UNIQ Clarity,0,1
91,/mnt/pro/DSA/data/ori_data/DICOM1/91,/mnt/pro/DSA/data/ori_data/DICOM1,41,1024,1024,MONOCHROME2,10,None,,6.0,Philips,UNIQ Clarity,0,1
92,/mnt/pro/DSA/data/ori_data/DICOM1/92,/mnt/pro/DSA/data/ori_data/DICOM1,35,1024,1024,MONOCHROME2,10,None,,6.0,Philips,UNIQ Clarity,0,1
93,/mnt/pro/DSA/data/ori_data/DICOM1/93,/mnt/pro/DSA/data/ori_data/DICOM1,46,1024,1024,MONOCHROME2,10,None,,6.0,Philips,Allura UNIQ,0,1
94,/mnt/pro/DSA/data/ori_data/DICOM1/94,/mnt/pro/DSA/data/ori_data/DICOM1,41,1024,1024,MONOCHROME2,10,None,,6.0,Philips,UNIQ Clarity,0,1
95,/mnt/pro/DSA/data/ori_data/DICOM1/95,/mnt/pro/DSA/data/ori_data/DICOM1,44,1024,1024,MONOCHROME2,10,None,,6.0,Philips,UNIQ Clarity,0,1
96,/mnt/pro/DSA/data/ori_data/DICOM1/96,/mnt/pro/DSA/data/ori_data/DICOM1,25,1024,1024,MONOCHROME2,10,None,,3.0,Philips,UNIQ Clarity,0,1
97,/mnt/pro/DSA/data/ori_data/DICOM1/97,/mnt/pro/DSA/data/ori_data/DICOM1,47,1024,1024,MONOCHROME2,10,None,,6.0,Philips,Allura UNIQ,0,1
98,/mnt/pro/DSA/data/ori_data/DICOM1/98,/mnt/pro/DSA/data/ori_data/DICOM1,84,1024,1024,MONOCHROME2,10,None,,12.0,Philips,Allura UNIQ,0,1
99,/mnt/pro/DSA/data/ori_data/DICOM1/99,/mnt/pro/DSA/data/ori_data/DICOM1,47,1024,1024,MONOCHROME2,10,None,,6.0,Philips,Allura UNIQ,0,1
IM_0001,/autodl-fs/data/Pro/DSA/dicom_all/IM_0001,/autodl-fs/data/Pro/DSA/dicom_all,46,1024,1024,MONOCHROME2,10,None,,6.0,Philips,UNIQ Clarity,0,1
IM_0004,/autodl-fs/data/Pro/DSA/dicom_all/IM_0004,/autodl-fs/data/Pro/DSA/dicom_all,25,1024,1024,MONOCHROME2,10,None,,3.0,Philips,UNIQ Clarity,0,1
IM_0007,/autodl-fs/data/Pro/DSA/dicom_all/IM_0007,/autodl-fs/data/Pro/DSA/dicom_all,46,1024,1024,MONOCHROME2,10,None,,6.0,Philips,Allura UNIQ,0,1
IM_0014,/autodl-fs/data/Pro/DSA/dicom_all/IM_0014,/autodl-fs/data/Pro/DSA/dicom_all,44,1024,1024,MONOCHROME2,10,None,,6.0,Philips,Allura UNIQ,0,1
IM_0019,/autodl-fs/data/Pro/DSA/dicom_all/IM_0019,/autodl-fs/data/Pro/DSA/dicom_all,35,1024,1024,MONOCHROME2,10,None,,6.0,Philips,UNIQ Clarity,0,1
IM_0022,/autodl-fs/data/Pro/DSA/dicom_all/IM_0022,/autodl-fs/data/Pro/DSA/dicom_all,52,1024,1024,MONOCHROME2,10,None,,6.0,Philips,Allura UNIQ,0,1
IM_0025,/autodl-fs/data/Pro/DSA/dicom_all/IM_0025,/autodl-fs/data/Pro/DSA/dicom_all,42,1024,1024,MONOCHROME2,10,None,,6.0,Philips,Allura UNIQ,0,1
IM_0030,/autodl-fs/data/Pro/DSA/dicom_all/IM_0030,/autodl-fs/data/Pro/DSA/dicom_all,33,1024,1024,MONOCHROME2,10,None,,3.0,Philips,UNIQ Clarity,0,1
IM_0033,/autodl-fs/data/Pro/DSA/dicom_all/IM_0033,/autodl-fs/data/Pro/DSA/dicom_all,21,1024,1024,MONOCHROME2,10,None,,3.0,Philips,UNIQ Clarity,0,1
IM_0036,/autodl-fs/data/Pro/DSA/dicom_all/IM_0036,/autodl-fs/data/Pro/DSA/dicom_all,49,1024,1024,MONOCHROME2,10,None,,6.0,Philips,Allura UNIQ,0,1
IM_0043,/autodl-fs/data/Pro/DSA/dicom_all/IM_0043,/autodl-fs/data/Pro/DSA/dicom_all,42,1024,1024,MONOCHROME2,10,None,,6.0,Philips,UNIQ Clarity,0,1
IM_0046,/autodl-fs/data/Pro/DSA/dicom_all/IM_0046,/autodl-fs/data/Pro/DSA/dicom_all,50,1024,1024,MONOCHROME2,10,None,,6.0,Philips,Allura UNIQ,0,1
IM_0052,/autodl-fs/data/Pro/DSA/dicom_all/IM_0052,/autodl-fs/data/Pro/DSA/dicom_all,56,1024,1024,MONOCHROME2,10,None,,6.0,Philips,Allura UNIQ,0,1
IM_0060,/autodl-fs/data/Pro/DSA/dicom_all/IM_0060,/autodl-fs/data/Pro/DSA/dicom_all,35,1024,1024,MONOCHROME2,10,None,,6.0,Philips,UNIQ Clarity,0,1
IM_0063,/autodl-fs/data/Pro/DSA/dicom_all/IM_0063,/autodl-fs/data/Pro/DSA/dicom_all,42,1024,1024,MONOCHROME2,10,None,,6.0,Philips,UNIQ Clarity,0,1
IM_0065,/autodl-fs/data/Pro/DSA/dicom_all/IM_0065,/autodl-fs/data/Pro/DSA/dicom_all,39,1024,1024,MONOCHROME2,10,None,,6.0,Philips,UNIQ Clarity,0,1
IM_0068,/autodl-fs/data/Pro/DSA/dicom_all/IM_0068,/autodl-fs/data/Pro/DSA/dicom_all,42,1024,1024,MONOCHROME2,10,None,,6.0,Philips,UNIQ Clarity,0,1
IM_0071,/autodl-fs/data/Pro/DSA/dicom_all/IM_0071,/autodl-fs/data/Pro/DSA/dicom_all,42,1024,1024,MONOCHROME2,10,None,,6.0,Philips,UNIQ Clarity,0,1
IM_0074,/autodl-fs/data/Pro/DSA/dicom_all/IM_0074,/autodl-fs/data/Pro/DSA/dicom_all,41,1024,1024,MONOCHROME2,10,None,,6.0,Philips,UNIQ Clarity,0,1
IM_0077,/autodl-fs/data/Pro/DSA/dicom_all/IM_0077,/autodl-fs/data/Pro/DSA/dicom_all,44,1024,1024,MONOCHROME2,10,None,,6.0,Philips,Allura UNIQ,0,1
IM_0080,/autodl-fs/data/Pro/DSA/dicom_all/IM_0080,/autodl-fs/data/Pro/DSA/dicom_all,41,1024,1024,MONOCHROME2,10,None,,6.0,Philips,Allura UNIQ,0,1
IM_0085,/autodl-fs/data/Pro/DSA/dicom_all/IM_0085,/autodl-fs/data/Pro/DSA/dicom_all,49,1024,1024,MONOCHROME2,10,None,,6.0,Philips,Allura UNIQ,0,1
IM_0090,/autodl-fs/data/Pro/DSA/dicom_all/IM_0090,/autodl-fs/data/Pro/DSA/dicom_all,25,1024,1024,MONOCHROME2,10,None,,3.0,Philips,Allura UNIQ,0,1
IM_0098,/autodl-fs/data/Pro/DSA/dicom_all/IM_0098,/autodl-fs/data/Pro/DSA/dicom_all,52,1024,1024,MONOCHROME2,10,None,,6.0,Philips,Allura UNIQ,0,1
IM_0110,/autodl-fs/data/Pro/DSA/dicom_all/IM_0110,/autodl-fs/data/Pro/DSA/dicom_all,56,1024,1024,MONOCHROME2,10,None,,6.0,Philips,Allura UNIQ,0,1
IM_0120,/autodl-fs/data/Pro/DSA/dicom_all/IM_0120,/autodl-fs/data/Pro/DSA/dicom_all,41,1024,1024,MONOCHROME2,10,None,,6.0,Philips,UNIQ Clarity,0,1
IM_0123,/autodl-fs/data/Pro/DSA/dicom_all/IM_0123,/autodl-fs/data/Pro/DSA/dicom_all,53,1024,1024,MONOCHROME2,10,None,,6.0,Philips,Allura UNIQ,0,1
IM_0124,/autodl-fs/data/Pro/DSA/dicom_all/IM_0124,/autodl-fs/data/Pro/DSA/dicom_all,47,1024,1024,MONOCHROME2,10,None,,6.0,Philips,Allura UNIQ,0,1
IM_0125,/autodl-fs/data/Pro/DSA/dicom_all/IM_0125,/autodl-fs/data/Pro/DSA/dicom_all,52,1024,1024,MONOCHROME2,10,None,,6.0,Philips,Allura UNIQ,0,1
IM_0126,/autodl-fs/data/Pro/DSA/dicom_all/IM_0126,/autodl-fs/data/Pro/DSA/dicom_all,51,1024,1024,MONOCHROME2,10,None,,6.0,Philips,Allura UNIQ,0,1
IM_0127,/autodl-fs/data/Pro/DSA/dicom_all/IM_0127,/autodl-fs/data/Pro/DSA/dicom_all,51,1024,1024,MONOCHROME2,10,None,,6.0,Philips,Allura UNIQ,0,1
IM_0132,/autodl-fs/data/Pro/DSA/dicom_all/IM_0132,/autodl-fs/data/Pro/DSA/dicom_all,43,1024,1024,MONOCHROME2,10,None,,6.0,Philips,UNIQ Clarity,0,1
IM_0135,/autodl-fs/data/Pro/DSA/dicom_all/IM_0135,/autodl-fs/data/Pro/DSA/dicom_all,43,1024,1024,MONOCHROME2,10,None,,6.0,Philips,UNIQ Clarity,0,1
IM_0138,/autodl-fs/data/Pro/DSA/dicom_all/IM_0138,/autodl-fs/data/Pro/DSA/dicom_all,26,1024,1024,MONOCHROME2,10,None,,3.0,Philips,UNIQ Clarity,0,1
IM_0140,/autodl-fs/data/Pro/DSA/dicom_all/IM_0140,/autodl-fs/data/Pro/DSA/dicom_all,25,1024,1024,MONOCHROME2,10,None,,3.0,Philips,Allura UNIQ,0,1
IM_0143,/autodl-fs/data/Pro/DSA/dicom_all/IM_0143,/autodl-fs/data/Pro/DSA/dicom_all,25,1024,1024,MONOCHROME2,10,None,,3.0,Philips,Allura UNIQ,0,1
IM_0144,/autodl-fs/data/Pro/DSA/dicom_all/IM_0144,/autodl-fs/data/Pro/DSA/dicom_all,26,1024,1024,MONOCHROME2,10,None,,3.0,Philips,Allura UNIQ,0,1
IM_0147,/autodl-fs/data/Pro/DSA/dicom_all/IM_0147,/autodl-fs/data/Pro/DSA/dicom_all,46,1024,1024,MONOCHROME2,10,None,,6.0,Philips,Allura UNIQ,0,1
IM_0148,/autodl-fs/data/Pro/DSA/dicom_all/IM_0148,/autodl-fs/data/Pro/DSA/dicom_all,40,1024,1024,MONOCHROME2,10,None,,6.0,Philips,Allura UNIQ,0,1
IM_0156,/autodl-fs/data/Pro/DSA/dicom_all/IM_0156,/autodl-fs/data/Pro/DSA/dicom_all,38,1024,1024,MONOCHROME2,10,None,,6.0,Philips,UNIQ Clarity,0,1
IM_0159,/autodl-fs/data/Pro/DSA/dicom_all/IM_0159,/autodl-fs/data/Pro/DSA/dicom_all,41,1024,1024,MONOCHROME2,10,None,,6.0,Philips,UNIQ Clarity,0,1
IM_0162,/autodl-fs/data/Pro/DSA/dicom_all/IM_0162,/autodl-fs/data/Pro/DSA/dicom_all,41,1024,1024,MONOCHROME2,10,None,,6.0,Philips,UNIQ Clarity,0,1
IM_0163,/autodl-fs/data/Pro/DSA/dicom_all/IM_0163,/autodl-fs/data/Pro/DSA/dicom_all,41,1024,1024,MONOCHROME2,10,None,,6.0,Philips,UNIQ Clarity,0,1
IM_0164,/autodl-fs/data/Pro/DSA/dicom_all/IM_0164,/autodl-fs/data/Pro/DSA/dicom_all,32,1024,1024,MONOCHROME2,10,None,,4.0,Philips,UNIQ Clarity,0,1
IM_0167,/autodl-fs/data/Pro/DSA/dicom_all/IM_0167,/autodl-fs/data/Pro/DSA/dicom_all,55,1024,1024,MONOCHROME2,10,None,,6.0,Philips,Allura UNIQ,0,1
IM_0177,/autodl-fs/data/Pro/DSA/dicom_all/IM_0177,/autodl-fs/data/Pro/DSA/dicom_all,30,1024,1024,MONOCHROME2,10,None,,3.0,Philips,Allura UNIQ,0,1
IM_0184,/autodl-fs/data/Pro/DSA/dicom_all/IM_0184,/autodl-fs/data/Pro/DSA/dicom_all,49,1024,1024,MONOCHROME2,10,None,,6.0,Philips,UNIQ Clarity,0,1
IM_0187,/autodl-fs/data/Pro/DSA/dicom_all/IM_0187,/autodl-fs/data/Pro/DSA/dicom_all,42,1024,1024,MONOCHROME2,10,None,,6.0,Philips,UNIQ Clarity,0,1
IM_0190,/autodl-fs/data/Pro/DSA/dicom_all/IM_0190,/autodl-fs/data/Pro/DSA/dicom_all,42,1024,1024,MONOCHROME2,10,None,,6.0,Philips,UNIQ Clarity,0,1
IM_0193,/autodl-fs/data/Pro/DSA/dicom_all/IM_0193,/autodl-fs/data/Pro/DSA/dicom_all,55,1024,1024,MONOCHROME2,10,None,,6.0,Philips,Allura UNIQ,0,1
IM_0199,/autodl-fs/data/Pro/DSA/dicom_all/IM_0199,/autodl-fs/data/Pro/DSA/dicom_all,42,1024,1024,MONOCHROME2,10,None,,6.0,Philips,UNIQ Clarity,0,1
IM_0202,/autodl-fs/data/Pro/DSA/dicom_all/IM_0202,/autodl-fs/data/Pro/DSA/dicom_all,41,1024,1024,MONOCHROME2,10,None,,6.0,Philips,UNIQ Clarity,0,1
IM_0205,/autodl-fs/data/Pro/DSA/dicom_all/IM_0205,/autodl-fs/data/Pro/DSA/dicom_all,36,1024,1024,MONOCHROME2,10,None,,6.0,Philips,Allura UNIQ,0,1
IM_0211,/autodl-fs/data/Pro/DSA/dicom_all/IM_0211,/autodl-fs/data/Pro/DSA/dicom_all,42,1024,1024,MONOCHROME2,10,None,,6.0,Philips,UNIQ Clarity,0,1
IM_0214,/autodl-fs/data/Pro/DSA/dicom_all/IM_0214,/autodl-fs/data/Pro/DSA/dicom_all,44,1024,1024,MONOCHROME2,10,None,,6.0,Philips,UNIQ Clarity,0,1
IM_0217,/autodl-fs/data/Pro/DSA/dicom_all/IM_0217,/autodl-fs/data/Pro/DSA/dicom_all,46,1024,1024,MONOCHROME2,10,None,,6.0,Philips,Allura UNIQ,0,1
IM_0220,/autodl-fs/data/Pro/DSA/dicom_all/IM_0220,/autodl-fs/data/Pro/DSA/dicom_all,58,1024,1024,MONOCHROME2,10,None,,6.0,Philips,Allura UNIQ,0,1
IM_0223,/autodl-fs/data/Pro/DSA/dicom_all/IM_0223,/autodl-fs/data/Pro/DSA/dicom_all,41,1024,1024,MONOCHROME2,10,None,,6.0,Philips,UNIQ Clarity,0,1
IM_0226,/autodl-fs/data/Pro/DSA/dicom_all/IM_0226,/autodl-fs/data/Pro/DSA/dicom_all,43,1024,1024,MONOCHROME2,10,None,,6.0,Philips,Allura UNIQ,0,1
IM_0234,/autodl-fs/data/Pro/DSA/dicom_all/IM_0234,/autodl-fs/data/Pro/DSA/dicom_all,39,1024,1024,MONOCHROME2,10,None,,6.0,Philips,UNIQ Clarity,0,1
IM_0237,/autodl-fs/data/Pro/DSA/dicom_all/IM_0237,/autodl-fs/data/Pro/DSA/dicom_all,38,1024,1024,MONOCHROME2,10,None,,6.0,Philips,UNIQ Clarity,0,1
IM_0240,/autodl-fs/data/Pro/DSA/dicom_all/IM_0240,/autodl-fs/data/Pro/DSA/dicom_all,49,1024,1024,MONOCHROME2,10,None,,8.0,Philips,Allura UNIQ,0,1
IM_0245,/autodl-fs/data/Pro/DSA/dicom_all/IM_0245,/autodl-fs/data/Pro/DSA/dicom_all,47,1024,1024,MONOCHROME2,10,None,,6.0,Philips,Allura UNIQ,0,1
IM_0254,/autodl-fs/data/Pro/DSA/dicom_all/IM_0254,/autodl-fs/data/Pro/DSA/dicom_all,38,1024,1024,MONOCHROME2,10,None,,6.0,Philips,UNIQ Clarity,0,1
IM_0255,/autodl-fs/data/Pro/DSA/dicom_all/IM_0255,/autodl-fs/data/Pro/DSA/dicom_all,42,1024,1024,MONOCHROME2,10,None,,6.0,Philips,UNIQ Clarity,0,1
IM_0258,/autodl-fs/data/Pro/DSA/dicom_all/IM_0258,/autodl-fs/data/Pro/DSA/dicom_all,50,1024,1024,MONOCHROME2,10,None,,6.0,Philips,Allura UNIQ,0,1
IM_0263,/autodl-fs/data/Pro/DSA/dicom_all/IM_0263,/autodl-fs/data/Pro/DSA/dicom_all,41,1024,1024,MONOCHROME2,10,None,,6.0,Philips,UNIQ Clarity,0,1
IM_0266,/autodl-fs/data/Pro/DSA/dicom_all/IM_0266,/autodl-fs/data/Pro/DSA/dicom_all,27,1024,1024,MONOCHROME2,10,None,,4.0,Philips,UNIQ Clarity,0,1
IM_0269,/autodl-fs/data/Pro/DSA/dicom_all/IM_0269,/autodl-fs/data/Pro/DSA/dicom_all,48,1024,1024,MONOCHROME2,10,None,,6.0,Philips,Allura UNIQ,0,1
IM_0279,/autodl-fs/data/Pro/DSA/dicom_all/IM_0279,/autodl-fs/data/Pro/DSA/dicom_all,42,1024,1024,MONOCHROME2,10,None,,6.0,Philips,Allura UNIQ,0,1
IM_0286,/autodl-fs/data/Pro/DSA/dicom_all/IM_0286,/autodl-fs/data/Pro/DSA/dicom_all,43,1024,1024,MONOCHROME2,10,None,,6.0,Philips,UNIQ Clarity,0,1
IM_0289,/autodl-fs/data/Pro/DSA/dicom_all/IM_0289,/autodl-fs/data/Pro/DSA/dicom_all,41,1024,1024,MONOCHROME2,10,None,,6.0,Philips,UNIQ Clarity,0,1
IM_0293,/autodl-fs/data/Pro/DSA/dicom_all/IM_0293,/autodl-fs/data/Pro/DSA/dicom_all,40,1024,1024,MONOCHROME2,10,None,,6.0,Philips,UNIQ Clarity,0,1
IM_0297,/autodl-fs/data/Pro/DSA/dicom_all/IM_0297,/autodl-fs/data/Pro/DSA/dicom_all,41,1024,1024,MONOCHROME2,10,None,,6.0,Philips,UNIQ Clarity,0,1
IM_0301,/autodl-fs/data/Pro/DSA/dicom_all/IM_0301,/autodl-fs/data/Pro/DSA/dicom_all,44,1024,1024,MONOCHROME2,10,None,,6.0,Philips,UNIQ Clarity,0,1
IM_0305,/autodl-fs/data/Pro/DSA/dicom_all/IM_0305,/autodl-fs/data/Pro/DSA/dicom_all,42,1024,1024,MONOCHROME2,10,None,,6.0,Philips,UNIQ Clarity,0,1
IM_0309,/autodl-fs/data/Pro/DSA/dicom_all/IM_0309,/autodl-fs/data/Pro/DSA/dicom_all,41,1024,1024,MONOCHROME2,10,None,,6.0,Philips,UNIQ Clarity,0,1
IM_0312,/autodl-fs/data/Pro/DSA/dicom_all/IM_0312,/autodl-fs/data/Pro/DSA/dicom_all,43,1024,1024,MONOCHROME2,10,None,,6.0,Philips,Allura UNIQ,0,1
IM_0315,/autodl-fs/data/Pro/DSA/dicom_all/IM_0315,/autodl-fs/data/Pro/DSA/dicom_all,48,1024,1024,MONOCHROME2,10,None,,6.0,Philips,Allura UNIQ,0,1
IM_0323,/autodl-fs/data/Pro/DSA/dicom_all/IM_0323,/autodl-fs/data/Pro/DSA/dicom_all,36,1024,1024,MONOCHROME2,10,None,,6.0,Philips,UNIQ Clarity,0,1
IM_0325,/autodl-fs/data/Pro/DSA/dicom_all/IM_0325,/autodl-fs/data/Pro/DSA/dicom_all,45,1024,1024,MONOCHROME2,10,None,,6.0,Philips,UNIQ Clarity,0,1
IM_0328,/autodl-fs/data/Pro/DSA/dicom_all/IM_0328,/autodl-fs/data/Pro/DSA/dicom_all,49,1024,1024,MONOCHROME2,10,None,,6.0,Philips,Allura UNIQ,0,1
IM_0338,/autodl-fs/data/Pro/DSA/dicom_all/IM_0338,/autodl-fs/data/Pro/DSA/dicom_all,52,1024,1024,MONOCHROME2,10,None,,6.0,Philips,Allura UNIQ,0,1
IM_0346,/autodl-fs/data/Pro/DSA/dicom_all/IM_0346,/autodl-fs/data/Pro/DSA/dicom_all,29,1024,1024,MONOCHROME2,10,None,,3.0,Philips,Allura UNIQ,0,1
IM_0351,/autodl-fs/data/Pro/DSA/dicom_all/IM_0351,/autodl-fs/data/Pro/DSA/dicom_all,39,1024,1024,MONOCHROME2,10,None,,6.0,Philips,UNIQ Clarity,0,1
IM_0354,/autodl-fs/data/Pro/DSA/dicom_all/IM_0354,/autodl-fs/data/Pro/DSA/dicom_all,45,1024,1024,MONOCHROME2,10,None,,6.0,Philips,Allura UNIQ,0,1
IM_0364,/autodl-fs/data/Pro/DSA/dicom_all/IM_0364,/autodl-fs/data/Pro/DSA/dicom_all,23,1024,1024,MONOCHROME2,10,None,,3.0,Philips,UNIQ Clarity,0,1
IM_0365,/autodl-fs/data/Pro/DSA/dicom_all/IM_0365,/autodl-fs/data/Pro/DSA/dicom_all,51,1024,1024,MONOCHROME2,10,None,,6.0,Philips,Allura UNIQ,0,1
IM_0371,/autodl-fs/data/Pro/DSA/dicom_all/IM_0371,/autodl-fs/data/Pro/DSA/dicom_all,32,1024,1024,MONOCHROME2,10,None,,4.0,Philips,UNIQ Clarity,0,1
IM_0374,/autodl-fs/data/Pro/DSA/dicom_all/IM_0374,/autodl-fs/data/Pro/DSA/dicom_all,41,1024,1024,MONOCHROME2,10,None,,6.0,Philips,UNIQ Clarity,0,1
IM_0377,/autodl-fs/data/Pro/DSA/dicom_all/IM_0377,/autodl-fs/data/Pro/DSA/dicom_all,40,1024,1024,MONOCHROME2,10,None,,6.0,Philips,UNIQ Clarity,0,1
IM_0380,/autodl-fs/data/Pro/DSA/dicom_all/IM_0380,/autodl-fs/data/Pro/DSA/dicom_all,47,1024,1024,MONOCHROME2,10,None,,6.0,Philips,Allura UNIQ,0,1
IM_0381,/autodl-fs/data/Pro/DSA/dicom_all/IM_0381,/autodl-fs/data/Pro/DSA/dicom_all,37,1024,1024,MONOCHROME2,10,None,,6.0,Philips,UNIQ Clarity,0,1
IM_0382,/autodl-fs/data/Pro/DSA/dicom_all/IM_0382,/autodl-fs/data/Pro/DSA/dicom_all,37,1024,1024,MONOCHROME2,10,None,,6.0,Philips,UNIQ Clarity,0,1
IM_0385,/autodl-fs/data/Pro/DSA/dicom_all/IM_0385,/autodl-fs/data/Pro/DSA/dicom_all,41,1024,1024,MONOCHROME2,10,None,,6.0,Philips,UNIQ Clarity,0,1
IM_0388,/autodl-fs/data/Pro/DSA/dicom_all/IM_0388,/autodl-fs/data/Pro/DSA/dicom_all,45,1024,1024,MONOCHROME2,10,None,,6.0,Philips,Allura UNIQ,0,1
IM_0389,/autodl-fs/data/Pro/DSA/dicom_all/IM_0389,/autodl-fs/data/Pro/DSA/dicom_all,43,1024,1024,MONOCHROME2,10,None,,6.0,Philips,Allura UNIQ,0,1
IM_0396,/autodl-fs/data/Pro/DSA/dicom_all/IM_0396,/autodl-fs/data/Pro/DSA/dicom_all,24,1024,1024,MONOCHROME2,10,None,,3.0,Philips,UNIQ Clarity,0,1
IM_0397,/autodl-fs/data/Pro/DSA/dicom_all/IM_0397,/autodl-fs/data/Pro/DSA/dicom_all,26,1024,1024,MONOCHROME2,10,None,,3.0,Philips,UNIQ Clarity,0,1
IM_0400,/autodl-fs/data/Pro/DSA/dicom_all/IM_0400,/autodl-fs/data/Pro/DSA/dicom_all,41,1024,1024,MONOCHROME2,10,None,,6.0,Philips,UNIQ Clarity,0,1
IM_0403,/autodl-fs/data/Pro/DSA/dicom_all/IM_0403,/autodl-fs/data/Pro/DSA/dicom_all,34,1024,1024,MONOCHROME2,10,None,,4.0,Philips,UNIQ Clarity,0,1
IM_0406,/autodl-fs/data/Pro/DSA/dicom_all/IM_0406,/autodl-fs/data/Pro/DSA/dicom_all,26,1024,1024,MONOCHROME2,10,None,,3.0,Philips,UNIQ Clarity,0,1
IM_0409,/autodl-fs/data/Pro/DSA/dicom_all/IM_0409,/autodl-fs/data/Pro/DSA/dicom_all,27,1024,1024,MONOCHROME2,10,None,,3.0,Philips,UNIQ Clarity,0,1
IM_0412,/autodl-fs/data/Pro/DSA/dicom_all/IM_0412,/autodl-fs/data/Pro/DSA/dicom_all,25,1024,1024,MONOCHROME2,10,None,,3.0,Philips,UNIQ Clarity,0,1
IM_0414,/autodl-fs/data/Pro/DSA/dicom_all/IM_0414,/autodl-fs/data/Pro/DSA/dicom_all,24,1024,1024,MONOCHROME2,10,None,,3.0,Philips,Allura UNIQ,0,1
IM_0419,/autodl-fs/data/Pro/DSA/dicom_all/IM_0419,/autodl-fs/data/Pro/DSA/dicom_all,48,1024,1024,MONOCHROME2,10,None,,6.0,Philips,Allura UNIQ,0,1
IM_0422,/autodl-fs/data/Pro/DSA/dicom_all/IM_0422,/autodl-fs/data/Pro/DSA/dicom_all,34,1024,1024,MONOCHROME2,10,None,,4.0,Philips,UNIQ Clarity,0,1
IM_0425,/autodl-fs/data/Pro/DSA/dicom_all/IM_0425,/autodl-fs/data/Pro/DSA/dicom_all,25,1024,1024,MONOCHROME2,10,None,,3.0,Philips,Allura UNIQ,0,1
IM_0434,/autodl-fs/data/Pro/DSA/dicom_all/IM_0434,/autodl-fs/data/Pro/DSA/dicom_all,26,1024,1024,MONOCHROME2,10,None,,3.0,Philips,UNIQ Clarity,0,1
IM_0437,/autodl-fs/data/Pro/DSA/dicom_all/IM_0437,/autodl-fs/data/Pro/DSA/dicom_all,48,1024,1024,MONOCHROME2,10,None,,6.0,Philips,Allura UNIQ,0,1
IM_0445,/autodl-fs/data/Pro/DSA/dicom_all/IM_0445,/autodl-fs/data/Pro/DSA/dicom_all,29,1024,1024,MONOCHROME2,10,None,,3.0,Philips,UNIQ Clarity,0,1
IM_0448,/autodl-fs/data/Pro/DSA/dicom_all/IM_0448,/autodl-fs/data/Pro/DSA/dicom_all,21,1024,1024,MONOCHROME2,10,None,,3.0,Philips,UNIQ Clarity,0,1
IM_0451,/autodl-fs/data/Pro/DSA/dicom_all/IM_0451,/autodl-fs/data/Pro/DSA/dicom_all,26,1024,1024,MONOCHROME2,10,None,,3.0,Philips,Allura UNIQ,0,1
IM_0456,/autodl-fs/data/Pro/DSA/dicom_all/IM_0456,/autodl-fs/data/Pro/DSA/dicom_all,47,1024,1024,MONOCHROME2,10,None,,6.0,Philips,Allura UNIQ,0,1
IM_0461,/autodl-fs/data/Pro/DSA/dicom_all/IM_0461,/autodl-fs/data/Pro/DSA/dicom_all,25,1024,1024,MONOCHROME2,10,None,,3.0,Philips,UNIQ Clarity,0,1
IM_0464,/autodl-fs/data/Pro/DSA/dicom_all/IM_0464,/autodl-fs/data/Pro/DSA/dicom_all,41,1024,1024,MONOCHROME2,10,None,,6.0,Philips,Allura UNIQ,0,1
IM_0474,/autodl-fs/data/Pro/DSA/dicom_all/IM_0474,/autodl-fs/data/Pro/DSA/dicom_all,42,1024,1024,MONOCHROME2,10,None,,6.0,Philips,UNIQ Clarity,0,1
IM_0477,/autodl-fs/data/Pro/DSA/dicom_all/IM_0477,/autodl-fs/data/Pro/DSA/dicom_all,42,1024,1024,MONOCHROME2,10,None,,6.0,Philips,UNIQ Clarity,0,1
IM_0480,/autodl-fs/data/Pro/DSA/dicom_all/IM_0480,/autodl-fs/data/Pro/DSA/dicom_all,48,1024,1024,MONOCHROME2,10,None,,6.0,Philips,Allura UNIQ,0,1
IM_0488,/autodl-fs/data/Pro/DSA/dicom_all/IM_0488,/autodl-fs/data/Pro/DSA/dicom_all,43,1024,1024,MONOCHROME2,10,None,,6.0,Philips,UNIQ Clarity,0,1
IM_0491,/autodl-fs/data/Pro/DSA/dicom_all/IM_0491,/autodl-fs/data/Pro/DSA/dicom_all,47,1024,1024,MONOCHROME2,10,None,,6.0,Philips,UNIQ Clarity,0,1
IM_0494,/autodl-fs/data/Pro/DSA/dicom_all/IM_0494,/autodl-fs/data/Pro/DSA/dicom_all,41,1024,1024,MONOCHROME2,10,None,,6.0,Philips,UNIQ Clarity,0,1
IM_0497,/autodl-fs/data/Pro/DSA/dicom_all/IM_0497,/autodl-fs/data/Pro/DSA/dicom_all,43,1024,1024,MONOCHROME2,10,None,,6.0,Philips,UNIQ Clarity,0,1
IM_0500,/autodl-fs/data/Pro/DSA/dicom_all/IM_0500,/autodl-fs/data/Pro/DSA/dicom_all,39,1024,1024,MONOCHROME2,10,None,,6.0,Philips,UNIQ Clarity,0,1
IM_0503,/autodl-fs/data/Pro/DSA/dicom_all/IM_0503,/autodl-fs/data/Pro/DSA/dicom_all,54,1024,1024,MONOCHROME2,10,None,,6.0,Philips,Allura UNIQ,0,1
IM_0510,/autodl-fs/data/Pro/DSA/dicom_all/IM_0510,/autodl-fs/data/Pro/DSA/dicom_all,42,1024,1024,MONOCHROME2,10,None,,6.0,Philips,UNIQ Clarity,0,1
IM_0513,/autodl-fs/data/Pro/DSA/dicom_all/IM_0513,/autodl-fs/data/Pro/DSA/dicom_all,43,1024,1024,MONOCHROME2,10,None,,6.0,Philips,UNIQ Clarity,0,1
IM_0516,/autodl-fs/data/Pro/DSA/dicom_all/IM_0516,/autodl-fs/data/Pro/DSA/dicom_all,59,1024,1024,MONOCHROME2,10,None,,6.0,Philips,Allura UNIQ,0,1
IM_0519,/autodl-fs/data/Pro/DSA/dicom_all/IM_0519,/autodl-fs/data/Pro/DSA/dicom_all,25,1024,1024,MONOCHROME2,10,None,,3.0,Philips,UNIQ Clarity,0,1
IM_0522,/autodl-fs/data/Pro/DSA/dicom_all/IM_0522,/autodl-fs/data/Pro/DSA/dicom_all,25,1024,1024,MONOCHROME2,10,None,,3.0,Philips,UNIQ Clarity,0,1
IM_0525,/autodl-fs/data/Pro/DSA/dicom_all/IM_0525,/autodl-fs/data/Pro/DSA/dicom_all,52,1024,1024,MONOCHROME2,10,None,,6.0,Philips,Allura UNIQ,0,1
IM_0533,/autodl-fs/data/Pro/DSA/dicom_all/IM_0533,/autodl-fs/data/Pro/DSA/dicom_all,25,1024,1024,MONOCHROME2,10,None,,3.0,Philips,Allura UNIQ,0,1
IM_0536,/autodl-fs/data/Pro/DSA/dicom_all/IM_0536,/autodl-fs/data/Pro/DSA/dicom_all,27,1024,1024,MONOCHROME2,10,None,,3.0,Philips,UNIQ Clarity,0,1
IM_0539,/autodl-fs/data/Pro/DSA/dicom_all/IM_0539,/autodl-fs/data/Pro/DSA/dicom_all,25,1024,1024,MONOCHROME2,10,None,,3.0,Philips,UNIQ Clarity,0,1
IM_0540,/autodl-fs/data/Pro/DSA/dicom_all/IM_0540,/autodl-fs/data/Pro/DSA/dicom_all,27,1024,1024,MONOCHROME2,10,None,,3.0,Philips,Allura UNIQ,0,1
IM_0547,/autodl-fs/data/Pro/DSA/dicom_all/IM_0547,/autodl-fs/data/Pro/DSA/dicom_all,50,1024,1024,MONOCHROME2,10,None,,6.0,Philips,Allura UNIQ,0,1
IM_0548,/autodl-fs/data/Pro/DSA/dicom_all/IM_0548,/autodl-fs/data/Pro/DSA/dicom_all,43,1024,1024,MONOCHROME2,10,None,,6.0,Philips,Allura UNIQ,0,1
IM_0555,/autodl-fs/data/Pro/DSA/dicom_all/IM_0555,/autodl-fs/data/Pro/DSA/dicom_all,46,1024,1024,MONOCHROME2,10,None,,6.0,Philips,Allura UNIQ,0,1
IM_0563,/autodl-fs/data/Pro/DSA/dicom_all/IM_0563,/autodl-fs/data/Pro/DSA/dicom_all,35,1024,1024,MONOCHROME2,10,None,,6.0,Philips,UNIQ Clarity,0,1
IM_0564,/autodl-fs/data/Pro/DSA/dicom_all/IM_0564,/autodl-fs/data/Pro/DSA/dicom_all,36,1024,1024,MONOCHROME2,10,None,,6.0,Philips,UNIQ Clarity,0,1
IM_0567,/autodl-fs/data/Pro/DSA/dicom_all/IM_0567,/autodl-fs/data/Pro/DSA/dicom_all,49,1024,1024,MONOCHROME2,10,None,,6.0,Philips,Allura UNIQ,0,1
IM_0570,/autodl-fs/data/Pro/DSA/dicom_all/IM_0570,/autodl-fs/data/Pro/DSA/dicom_all,40,1024,1024,MONOCHROME2,10,None,,6.0,Philips,Allura UNIQ,0,1
IM_0578,/autodl-fs/data/Pro/DSA/dicom_all/IM_0578,/autodl-fs/data/Pro/DSA/dicom_all,33,1024,1024,MONOCHROME2,10,None,,4.0,Philips,UNIQ Clarity,0,1
IM_0579,/autodl-fs/data/Pro/DSA/dicom_all/IM_0579,/autodl-fs/data/Pro/DSA/dicom_all,36,1024,1024,MONOCHROME2,10,None,,6.0,Philips,UNIQ Clarity,0,1
IM_0582,/autodl-fs/data/Pro/DSA/dicom_all/IM_0582,/autodl-fs/data/Pro/DSA/dicom_all,24,1024,1024,MONOCHROME2,10,None,,3.0,Philips,UNIQ Clarity,0,1
IM_0585,/autodl-fs/data/Pro/DSA/dicom_all/IM_0585,/autodl-fs/data/Pro/DSA/dicom_all,24,1024,1024,MONOCHROME2,10,None,,3.0,Philips,Allura UNIQ,0,1
IM_0590,/autodl-fs/data/Pro/DSA/dicom_all/IM_0590,/autodl-fs/data/Pro/DSA/dicom_all,27,1024,1024,MONOCHROME2,10,None,,3.0,Philips,UNIQ Clarity,0,1
IM_0593,/autodl-fs/data/Pro/DSA/dicom_all/IM_0593,/autodl-fs/data/Pro/DSA/dicom_all,38,1024,1024,MONOCHROME2,10,None,,6.0,Philips,Allura UNIQ,0,1
IM_0598,/autodl-fs/data/Pro/DSA/dicom_all/IM_0598,/autodl-fs/data/Pro/DSA/dicom_all,39,1024,1024,MONOCHROME2,10,None,,6.0,Philips,UNIQ Clarity,0,1
IM_0601,/autodl-fs/data/Pro/DSA/dicom_all/IM_0601,/autodl-fs/data/Pro/DSA/dicom_all,39,1024,1024,MONOCHROME2,10,None,,6.0,Philips,UNIQ Clarity,0,1
IM_0604,/autodl-fs/data/Pro/DSA/dicom_all/IM_0604,/autodl-fs/data/Pro/DSA/dicom_all,41,1024,1024,MONOCHROME2,10,None,,6.0,Philips,Allura UNIQ,0,1
IM_0605,/autodl-fs/data/Pro/DSA/dicom_all/IM_0605,/autodl-fs/data/Pro/DSA/dicom_all,41,1024,1024,MONOCHROME2,10,None,,6.0,Philips,Allura UNIQ,0,1
IM_0613,/autodl-fs/data/Pro/DSA/dicom_all/IM_0613,/autodl-fs/data/Pro/DSA/dicom_all,39,1024,1024,MONOCHROME2,10,None,,6.0,Philips,UNIQ Clarity,0,1
IM_0614,/autodl-fs/data/Pro/DSA/dicom_all/IM_0614,/autodl-fs/data/Pro/DSA/dicom_all,38,1024,1024,MONOCHROME2,10,None,,6.0,Philips,UNIQ Clarity,0,1
IM_0615,/autodl-fs/data/Pro/DSA/dicom_all/IM_0615,/autodl-fs/data/Pro/DSA/dicom_all,44,1024,1024,MONOCHROME2,10,None,,6.0,Philips,UNIQ Clarity,0,1
IM_0616,/autodl-fs/data/Pro/DSA/dicom_all/IM_0616,/autodl-fs/data/Pro/DSA/dicom_all,49,1024,1024,MONOCHROME2,10,None,,6.0,Philips,Allura UNIQ,0,1
IM_0626,/autodl-fs/data/Pro/DSA/dicom_all/IM_0626,/autodl-fs/data/Pro/DSA/dicom_all,39,1024,1024,MONOCHROME2,10,None,,6.0,Philips,UNIQ Clarity,0,1
IM_0629,/autodl-fs/data/Pro/DSA/dicom_all/IM_0629,/autodl-fs/data/Pro/DSA/dicom_all,80,1024,1024,MONOCHROME2,10,None,,6.0,Philips,Allura UNIQ,0,1
IM_0637,/autodl-fs/data/Pro/DSA/dicom_all/IM_0637,/autodl-fs/data/Pro/DSA/dicom_all,24,1024,1024,MONOCHROME2,10,None,,3.0,Philips,UNIQ Clarity,0,1
IM_0640,/autodl-fs/data/Pro/DSA/dicom_all/IM_0640,/autodl-fs/data/Pro/DSA/dicom_all,42,1024,1024,MONOCHROME2,10,None,,6.0,Philips,UNIQ Clarity,0,1
IM_0643,/autodl-fs/data/Pro/DSA/dicom_all/IM_0643,/autodl-fs/data/Pro/DSA/dicom_all,46,1024,1024,MONOCHROME2,10,None,,6.0,Philips,Allura UNIQ,0,1
IM_0655,/autodl-fs/data/Pro/DSA/dicom_all/IM_0655,/autodl-fs/data/Pro/DSA/dicom_all,47,1024,1024,MONOCHROME2,10,None,,6.0,Philips,Allura UNIQ,0,1
IM_0660,/autodl-fs/data/Pro/DSA/dicom_all/IM_0660,/autodl-fs/data/Pro/DSA/dicom_all,44,1024,1024,MONOCHROME2,10,None,,6.0,Philips,UNIQ Clarity,0,1
IM_0663,/autodl-fs/data/Pro/DSA/dicom_all/IM_0663,/autodl-fs/data/Pro/DSA/dicom_all,25,1024,1024,MONOCHROME2,10,None,,3.0,Philips,UNIQ Clarity,0,1
IM_0666,/autodl-fs/data/Pro/DSA/dicom_all/IM_0666,/autodl-fs/data/Pro/DSA/dicom_all,35,1024,1024,MONOCHROME2,10,None,,6.0,Philips,UNIQ Clarity,0,1
IM_0669,/autodl-fs/data/Pro/DSA/dicom_all/IM_0669,/autodl-fs/data/Pro/DSA/dicom_all,42,1024,1024,MONOCHROME2,10,None,,6.0,Philips,UNIQ Clarity,0,1
IM_0672,/autodl-fs/data/Pro/DSA/dicom_all/IM_0672,/autodl-fs/data/Pro/DSA/dicom_all,38,1024,1024,MONOCHROME2,10,None,,6.0,Philips,Allura UNIQ,0,1
IM_0682,/autodl-fs/data/Pro/DSA/dicom_all/IM_0682,/autodl-fs/data/Pro/DSA/dicom_all,35,1024,1024,MONOCHROME2,10,None,,6.0,Philips,UNIQ Clarity,0,1
IM_0685,/autodl-fs/data/Pro/DSA/dicom_all/IM_0685,/autodl-fs/data/Pro/DSA/dicom_all,36,1024,1024,MONOCHROME2,10,None,,4.0,Philips,UNIQ Clarity,0,1
IM_0688,/autodl-fs/data/Pro/DSA/dicom_all/IM_0688,/autodl-fs/data/Pro/DSA/dicom_all,49,1024,1024,MONOCHROME2,10,None,,6.0,Philips,Allura UNIQ,0,1
IM_0700,/autodl-fs/data/Pro/DSA/dicom_all/IM_0700,/autodl-fs/data/Pro/DSA/dicom_all,38,1024,1024,MONOCHROME2,10,None,,6.0,Philips,Allura UNIQ,0,1
IM_0705,/autodl-fs/data/Pro/DSA/dicom_all/IM_0705,/autodl-fs/data/Pro/DSA/dicom_all,54,1024,1024,MONOCHROME2,10,None,,6.0,Philips,Allura UNIQ,0,1
IM_0715,/autodl-fs/data/Pro/DSA/dicom_all/IM_0715,/autodl-fs/data/Pro/DSA/dicom_all,43,1024,1024,MONOCHROME2,10,None,,6.0,Philips,UNIQ Clarity,0,1
IM_0718,/autodl-fs/data/Pro/DSA/dicom_all/IM_0718,/autodl-fs/data/Pro/DSA/dicom_all,58,1024,1024,MONOCHROME2,10,None,,6.0,Philips,Allura UNIQ,0,1
IM_0724,/autodl-fs/data/Pro/DSA/dicom_all/IM_0724,/autodl-fs/data/Pro/DSA/dicom_all,42,1024,1024,MONOCHROME2,10,None,,6.0,Philips,Allura UNIQ,0,1
IM_0727,/autodl-fs/data/Pro/DSA/dicom_all/IM_0727,/autodl-fs/data/Pro/DSA/dicom_all,40,1024,1024,MONOCHROME2,10,None,,6.0,Philips,UNIQ Clarity,0,1
IM_0730,/autodl-fs/data/Pro/DSA/dicom_all/IM_0730,/autodl-fs/data/Pro/DSA/dicom_all,41,1024,1024,MONOCHROME2,10,None,,6.0,Philips,UNIQ Clarity,0,1
IM_0733,/autodl-fs/data/Pro/DSA/dicom_all/IM_0733,/autodl-fs/data/Pro/DSA/dicom_all,41,1024,1024,MONOCHROME2,10,None,,6.0,Philips,UNIQ Clarity,0,1
IM_0736,/autodl-fs/data/Pro/DSA/dicom_all/IM_0736,/autodl-fs/data/Pro/DSA/dicom_all,35,1024,1024,MONOCHROME2,10,None,,6.0,Philips,UNIQ Clarity,0,1
IM_0739,/autodl-fs/data/Pro/DSA/dicom_all/IM_0739,/autodl-fs/data/Pro/DSA/dicom_all,42,1024,1024,MONOCHROME2,10,None,,6.0,Philips,UNIQ Clarity,0,1
IM_0742,/autodl-fs/data/Pro/DSA/dicom_all/IM_0742,/autodl-fs/data/Pro/DSA/dicom_all,38,1024,1024,MONOCHROME2,10,None,,6.0,Philips,Allura UNIQ,0,1
IM_0745,/autodl-fs/data/Pro/DSA/dicom_all/IM_0745,/autodl-fs/data/Pro/DSA/dicom_all,34,1024,1024,MONOCHROME2,10,None,,6.0,Philips,UNIQ Clarity,0,1
IM_0748,/autodl-fs/data/Pro/DSA/dicom_all/IM_0748,/autodl-fs/data/Pro/DSA/dicom_all,42,1024,1024,MONOCHROME2,10,None,,6.0,Philips,Allura UNIQ,0,1
IM_0756,/autodl-fs/data/Pro/DSA/dicom_all/IM_0756,/autodl-fs/data/Pro/DSA/dicom_all,47,1024,1024,MONOCHROME2,10,None,,6.0,Philips,Allura UNIQ,0,1
IM_0764,/autodl-fs/data/Pro/DSA/dicom_all/IM_0764,/autodl-fs/data/Pro/DSA/dicom_all,36,1024,1024,MONOCHROME2,10,None,,6.0,Philips,UNIQ Clarity,0,1
IM_0767,/autodl-fs/data/Pro/DSA/dicom_all/IM_0767,/autodl-fs/data/Pro/DSA/dicom_all,13,1024,1024,MONOCHROME2,10,None,,6.0,Philips,UNIQ Clarity,0,1
IM_0770,/autodl-fs/data/Pro/DSA/dicom_all/IM_0770,/autodl-fs/data/Pro/DSA/dicom_all,41,1024,1024,MONOCHROME2,10,None,,6.0,Philips,UNIQ Clarity,0,1
IM_0773,/autodl-fs/data/Pro/DSA/dicom_all/IM_0773,/autodl-fs/data/Pro/DSA/dicom_all,22,1024,1024,MONOCHROME2,10,None,,3.0,Philips,UNIQ Clarity,0,1
IM_0776,/autodl-fs/data/Pro/DSA/dicom_all/IM_0776,/autodl-fs/data/Pro/DSA/dicom_all,38,1024,1024,MONOCHROME2,10,None,,6.0,Philips,UNIQ Clarity,0,1
IM_0779,/autodl-fs/data/Pro/DSA/dicom_all/IM_0779,/autodl-fs/data/Pro/DSA/dicom_all,37,1024,1024,MONOCHROME2,10,None,,6.0,Philips,UNIQ Clarity,0,1
IM_0782,/autodl-fs/data/Pro/DSA/dicom_all/IM_0782,/autodl-fs/data/Pro/DSA/dicom_all,40,1024,1024,MONOCHROME2,10,None,,6.0,Philips,UNIQ Clarity,0,1
IM_0785,/autodl-fs/data/Pro/DSA/dicom_all/IM_0785,/autodl-fs/data/Pro/DSA/dicom_all,42,1024,1024,MONOCHROME2,10,None,,6.0,Philips,UNIQ Clarity,0,1
IM_0788,/autodl-fs/data/Pro/DSA/dicom_all/IM_0788,/autodl-fs/data/Pro/DSA/dicom_all,36,1024,1024,MONOCHROME2,10,None,,6.0,Philips,UNIQ Clarity,0,1
IM_0791,/autodl-fs/data/Pro/DSA/dicom_all/IM_0791,/autodl-fs/data/Pro/DSA/dicom_all,40,1024,1024,MONOCHROME2,10,None,,6.0,Philips,Allura UNIQ,0,1
IM_0796,/autodl-fs/data/Pro/DSA/dicom_all/IM_0796,/autodl-fs/data/Pro/DSA/dicom_all,26,1024,1024,MONOCHROME2,10,None,,4.0,Philips,UNIQ Clarity,0,1
IM_0799,/autodl-fs/data/Pro/DSA/dicom_all/IM_0799,/autodl-fs/data/Pro/DSA/dicom_all,33,1024,1024,MONOCHROME2,10,None,,6.0,Philips,UNIQ Clarity,0,1
IM_0802,/autodl-fs/data/Pro/DSA/dicom_all/IM_0802,/autodl-fs/data/Pro/DSA/dicom_all,43,1024,1024,MONOCHROME2,10,None,,6.0,Philips,UNIQ Clarity,0,1
IM_0805,/autodl-fs/data/Pro/DSA/dicom_all/IM_0805,/autodl-fs/data/Pro/DSA/dicom_all,41,1024,1024,MONOCHROME2,10,None,,6.0,Philips,UNIQ Clarity,0,1
IM_0808,/autodl-fs/data/Pro/DSA/dicom_all/IM_0808,/autodl-fs/data/Pro/DSA/dicom_all,47,1024,1024,MONOCHROME2,10,None,,6.0,Philips,Allura UNIQ,0,1
IM_0816,/autodl-fs/data/Pro/DSA/dicom_all/IM_0816,/autodl-fs/data/Pro/DSA/dicom_all,47,1024,1024,MONOCHROME2,10,None,,6.0,Philips,Allura UNIQ,0,1
IM_0823,/autodl-fs/data/Pro/DSA/dicom_all/IM_0823,/autodl-fs/data/Pro/DSA/dicom_all,33,1024,1024,MONOCHROME2,10,None,,4.0,Philips,UNIQ Clarity,0,1
IM_0826,/autodl-fs/data/Pro/DSA/dicom_all/IM_0826,/autodl-fs/data/Pro/DSA/dicom_all,42,1024,1024,MONOCHROME2,10,None,,6.0,Philips,UNIQ Clarity,0,1
IM_0828,/autodl-fs/data/Pro/DSA/dicom_all/IM_0828,/autodl-fs/data/Pro/DSA/dicom_all,37,1024,1024,MONOCHROME2,10,None,,6.0,Philips,UNIQ Clarity,0,1
IM_0830,/autodl-fs/data/Pro/DSA/dicom_all/IM_0830,/autodl-fs/data/Pro/DSA/dicom_all,49,1024,1024,MONOCHROME2,10,None,,6.0,Philips,Allura UNIQ,0,1
IM_0838,/autodl-fs/data/Pro/DSA/dicom_all/IM_0838,/autodl-fs/data/Pro/DSA/dicom_all,51,1024,1024,MONOCHROME2,10,None,,6.0,Philips,Allura UNIQ,0,1
IM_0843,/autodl-fs/data/Pro/DSA/dicom_all/IM_0843,/autodl-fs/data/Pro/DSA/dicom_all,41,1024,1024,MONOCHROME2,10,None,,6.0,Philips,UNIQ Clarity,0,1
IM_0846,/autodl-fs/data/Pro/DSA/dicom_all/IM_0846,/autodl-fs/data/Pro/DSA/dicom_all,44,1024,1024,MONOCHROME2,10,None,,6.0,Philips,UNIQ Clarity,0,1
IM_0849,/autodl-fs/data/Pro/DSA/dicom_all/IM_0849,/autodl-fs/data/Pro/DSA/dicom_all,38,1024,1024,MONOCHROME2,10,None,,6.0,Philips,UNIQ Clarity,0,1
IM_0852,/autodl-fs/data/Pro/DSA/dicom_all/IM_0852,/autodl-fs/data/Pro/DSA/dicom_all,48,1024,1024,MONOCHROME2,10,None,,6.0,Philips,Allura UNIQ,0,1
IM_0859,/autodl-fs/data/Pro/DSA/dicom_all/IM_0859,/autodl-fs/data/Pro/DSA/dicom_all,41,1024,1024,MONOCHROME2,10,None,,6.0,Philips,UNIQ Clarity,0,1
IM_0862,/autodl-fs/data/Pro/DSA/dicom_all/IM_0862,/autodl-fs/data/Pro/DSA/dicom_all,42,1024,1024,MONOCHROME2,10,None,,6.0,Philips,UNIQ Clarity,0,1
IM_0865,/autodl-fs/data/Pro/DSA/dicom_all/IM_0865,/autodl-fs/data/Pro/DSA/dicom_all,26,1024,1024,MONOCHROME2,10,None,,3.0,Philips,UNIQ Clarity,0,1
IM_0868,/autodl-fs/data/Pro/DSA/dicom_all/IM_0868,/autodl-fs/data/Pro/DSA/dicom_all,41,1024,1024,MONOCHROME2,10,None,,6.0,Philips,UNIQ Clarity,0,1
IM_0871,/autodl-fs/data/Pro/DSA/dicom_all/IM_0871,/autodl-fs/data/Pro/DSA/dicom_all,38,1024,1024,MONOCHROME2,10,None,,6.0,Philips,UNIQ Clarity,0,1
IM_0874,/autodl-fs/data/Pro/DSA/dicom_all/IM_0874,/autodl-fs/data/Pro/DSA/dicom_all,42,1024,1024,MONOCHROME2,10,None,,6.0,Philips,UNIQ Clarity,0,1
IM_0877,/autodl-fs/data/Pro/DSA/dicom_all/IM_0877,/autodl-fs/data/Pro/DSA/dicom_all,51,1024,1024,MONOCHROME2,10,None,,6.0,Philips,Allura UNIQ,0,1
IM_0885,/autodl-fs/data/Pro/DSA/dicom_all/IM_0885,/autodl-fs/data/Pro/DSA/dicom_all,44,1024,1024,MONOCHROME2,10,None,,6.0,Philips,UNIQ Clarity,0,1
IM_0888,/autodl-fs/data/Pro/DSA/dicom_all/IM_0888,/autodl-fs/data/Pro/DSA/dicom_all,42,1024,1024,MONOCHROME2,10,None,,6.0,Philips,UNIQ Clarity,0,1
IM_0889,/autodl-fs/data/Pro/DSA/dicom_all/IM_0889,/autodl-fs/data/Pro/DSA/dicom_all,43,1024,1024,MONOCHROME2,10,None,,6.0,Philips,UNIQ Clarity,0,1
IM_0890,/autodl-fs/data/Pro/DSA/dicom_all/IM_0890,/autodl-fs/data/Pro/DSA/dicom_all,62,1024,1024,MONOCHROME2,10,None,,6.0,Philips,Allura UNIQ,0,1
IM_0896,/autodl-fs/data/Pro/DSA/dicom_all/IM_0896,/autodl-fs/data/Pro/DSA/dicom_all,39,1024,1024,MONOCHROME2,10,None,,6.0,Philips,UNIQ Clarity,0,1
IM_0899,/autodl-fs/data/Pro/DSA/dicom_all/IM_0899,/autodl-fs/data/Pro/DSA/dicom_all,41,1024,1024,MONOCHROME2,10,None,,6.0,Philips,UNIQ Clarity,0,1
IM_0900,/autodl-fs/data/Pro/DSA/dicom_all/IM_0900,/autodl-fs/data/Pro/DSA/dicom_all,40,1024,1024,MONOCHROME2,10,None,,6.0,Philips,UNIQ Clarity,0,1
IM_0901,/autodl-fs/data/Pro/DSA/dicom_all/IM_0901,/autodl-fs/data/Pro/DSA/dicom_all,43,1024,1024,MONOCHROME2,10,None,,6.0,Philips,UNIQ Clarity,0,1
IM_0903,/autodl-fs/data/Pro/DSA/dicom_all/IM_0903,/autodl-fs/data/Pro/DSA/dicom_all,37,1024,1024,MONOCHROME2,10,None,,6.0,Philips,UNIQ Clarity,0,1
IM_0905,/autodl-fs/data/Pro/DSA/dicom_all/IM_0905,/autodl-fs/data/Pro/DSA/dicom_all,48,1024,1024,MONOCHROME2,10,None,,6.0,Philips,Allura UNIQ,0,1
IM_0908,/autodl-fs/data/Pro/DSA/dicom_all/IM_0908,/autodl-fs/data/Pro/DSA/dicom_all,41,1024,1024,MONOCHROME2,10,None,,6.0,Philips,Allura UNIQ,0,1
IM_0916,/autodl-fs/data/Pro/DSA/dicom_all/IM_0916,/autodl-fs/data/Pro/DSA/dicom_all,34,1024,1024,MONOCHROME2,10,None,,6.0,Philips,UNIQ Clarity,0,1
IM_0919,/autodl-fs/data/Pro/DSA/dicom_all/IM_0919,/autodl-fs/data/Pro/DSA/dicom_all,39,1024,1024,MONOCHROME2,10,None,,6.0,Philips,UNIQ Clarity,0,1
IM_0922,/autodl-fs/data/Pro/DSA/dicom_all/IM_0922,/autodl-fs/data/Pro/DSA/dicom_all,37,1024,1024,MONOCHROME2,10,None,,6.0,Philips,UNIQ Clarity,0,1
IM_0925,/autodl-fs/data/Pro/DSA/dicom_all/IM_0925,/autodl-fs/data/Pro/DSA/dicom_all,39,1024,1024,MONOCHROME2,10,None,,6.0,Philips,UNIQ Clarity,0,1
IM_0926,/autodl-fs/data/Pro/DSA/dicom_all/IM_0926,/autodl-fs/data/Pro/DSA/dicom_all,41,1024,1024,MONOCHROME2,10,None,,6.0,Philips,UNIQ Clarity,0,1
IM_0929,/autodl-fs/data/Pro/DSA/dicom_all/IM_0929,/autodl-fs/data/Pro/DSA/dicom_all,41,1024,1024,MONOCHROME2,10,None,,6.0,Philips,UNIQ Clarity,0,1
IM_0930,/autodl-fs/data/Pro/DSA/dicom_all/IM_0930,/autodl-fs/data/Pro/DSA/dicom_all,43,1024,1024,MONOCHROME2,10,None,,6.0,Philips,UNIQ Clarity,0,1
IM_0932,/autodl-fs/data/Pro/DSA/dicom_all/IM_0932,/autodl-fs/data/Pro/DSA/dicom_all,45,1024,1024,MONOCHROME2,10,None,,6.0,Philips,Allura UNIQ,0,1
IM_0937,/autodl-fs/data/Pro/DSA/dicom_all/IM_0937,/autodl-fs/data/Pro/DSA/dicom_all,41,1024,1024,MONOCHROME2,10,None,,6.0,Philips,Allura UNIQ,0,1
IM_0942,/autodl-fs/data/Pro/DSA/dicom_all/IM_0942,/autodl-fs/data/Pro/DSA/dicom_all,45,1024,1024,MONOCHROME2,10,None,,6.0,Philips,Allura UNIQ,0,1
IM_0947,/autodl-fs/data/Pro/DSA/dicom_all/IM_0947,/autodl-fs/data/Pro/DSA/dicom_all,48,1024,1024,MONOCHROME2,10,None,,6.0,Philips,Allura UNIQ,0,1
IM_0950,/autodl-fs/data/Pro/DSA/dicom_all/IM_0950,/autodl-fs/data/Pro/DSA/dicom_all,26,1024,1024,MONOCHROME2,10,None,,3.0,Philips,Allura UNIQ,0,1
IM_0953,/autodl-fs/data/Pro/DSA/dicom_all/IM_0953,/autodl-fs/data/Pro/DSA/dicom_all,35,1024,1024,MONOCHROME2,10,None,,6.0,Philips,Allura UNIQ,0,1
IM_0956,/autodl-fs/data/Pro/DSA/dicom_all/IM_0956,/autodl-fs/data/Pro/DSA/dicom_all,46,1024,1024,MONOCHROME2,10,None,,6.0,Philips,UNIQ Clarity,0,1
IM_0959,/autodl-fs/data/Pro/DSA/dicom_all/IM_0959,/autodl-fs/data/Pro/DSA/dicom_all,44,1024,1024,MONOCHROME2,10,None,,6.0,Philips,UNIQ Clarity,0,1
IM_0962,/autodl-fs/data/Pro/DSA/dicom_all/IM_0962,/autodl-fs/data/Pro/DSA/dicom_all,44,1024,1024,MONOCHROME2,10,None,,6.0,Philips,UNIQ Clarity,0,1
IM_0965,/autodl-fs/data/Pro/DSA/dicom_all/IM_0965,/autodl-fs/data/Pro/DSA/dicom_all,41,1024,1024,MONOCHROME2,10,None,,6.0,Philips,UNIQ Clarity,0,1
IM_0968,/autodl-fs/data/Pro/DSA/dicom_all/IM_0968,/autodl-fs/data/Pro/DSA/dicom_all,36,1024,1024,MONOCHROME2,10,None,,6.0,Philips,UNIQ Clarity,0,1
IM_0971,/autodl-fs/data/Pro/DSA/dicom_all/IM_0971,/autodl-fs/data/Pro/DSA/dicom_all,45,1024,1024,MONOCHROME2,10,None,,6.0,Philips,UNIQ Clarity,0,1
IM_0973,/autodl-fs/data/Pro/DSA/dicom_all/IM_0973,/autodl-fs/data/Pro/DSA/dicom_all,45,1024,1024,MONOCHROME2,10,None,,6.0,Philips,Allura UNIQ,0,1
IM_0978,/autodl-fs/data/Pro/DSA/dicom_all/IM_0978,/autodl-fs/data/Pro/DSA/dicom_all,39,1024,1024,MONOCHROME2,10,None,,6.0,Philips,UNIQ Clarity,0,1
IM_0981,/autodl-fs/data/Pro/DSA/dicom_all/IM_0981,/autodl-fs/data/Pro/DSA/dicom_all,43,1024,1024,MONOCHROME2,10,None,,6.0,Philips,Allura UNIQ,0,1
IM_0984,/autodl-fs/data/Pro/DSA/dicom_all/IM_0984,/autodl-fs/data/Pro/DSA/dicom_all,45,1024,1024,MONOCHROME2,10,None,,6.0,Philips,UNIQ Clarity,0,1
IM_0987,/autodl-fs/data/Pro/DSA/dicom_all/IM_0987,/autodl-fs/data/Pro/DSA/dicom_all,48,1024,1024,MONOCHROME2,10,None,,6.0,Philips,Allura UNIQ,0,1
IM_0994,/autodl-fs/data/Pro/DSA/dicom_all/IM_0994,/autodl-fs/data/Pro/DSA/dicom_all,45,1024,1024,MONOCHROME2,10,None,,6.0,Philips,Allura UNIQ,0,1
IM_1002,/autodl-fs/data/Pro/DSA/dicom_all/IM_1002,/autodl-fs/data/Pro/DSA/dicom_all,26,1024,1024,MONOCHROME2,10,None,,3.0,Philips,UNIQ Clarity,0,1
IM_1005,/autodl-fs/data/Pro/DSA/dicom_all/IM_1005,/autodl-fs/data/Pro/DSA/dicom_all,26,1024,1024,MONOCHROME2,10,None,,3.0,Philips,Allura UNIQ,0,1
IM_1010,/autodl-fs/data/Pro/DSA/dicom_all/IM_1010,/autodl-fs/data/Pro/DSA/dicom_all,26,1024,1024,MONOCHROME2,10,None,,3.0,Philips,UNIQ Clarity,0,1
IM_1013,/autodl-fs/data/Pro/DSA/dicom_all/IM_1013,/autodl-fs/data/Pro/DSA/dicom_all,24,1024,1024,MONOCHROME2,10,None,,3.0,Philips,Allura UNIQ,0,1
IM_1018,/autodl-fs/data/Pro/DSA/dicom_all/IM_1018,/autodl-fs/data/Pro/DSA/dicom_all,23,1024,1024,MONOCHROME2,10,None,,3.0,Philips,UNIQ Clarity,0,1
IM_1020,/autodl-fs/data/Pro/DSA/dicom_all/IM_1020,/autodl-fs/data/Pro/DSA/dicom_all,22,1024,1024,MONOCHROME2,10,None,,3.0,Philips,UNIQ Clarity,0,1
IM_1023,/autodl-fs/data/Pro/DSA/dicom_all/IM_1023,/autodl-fs/data/Pro/DSA/dicom_all,23,1024,1024,MONOCHROME2,10,None,,3.0,Philips,UNIQ Clarity,0,1
IM_1025,/autodl-fs/data/Pro/DSA/dicom_all/IM_1025,/autodl-fs/data/Pro/DSA/dicom_all,58,1024,1024,MONOCHROME2,10,None,,6.0,Philips,Allura UNIQ,0,1
IM_1028,/autodl-fs/data/Pro/DSA/dicom_all/IM_1028,/autodl-fs/data/Pro/DSA/dicom_all,29,1024,1024,MONOCHROME2,10,None,,4.0,Philips,UNIQ Clarity,0,1
IM_1031,/autodl-fs/data/Pro/DSA/dicom_all/IM_1031,/autodl-fs/data/Pro/DSA/dicom_all,49,1024,1024,MONOCHROME2,10,None,,6.0,Philips,Allura UNIQ,0,1
IM_1039,/autodl-fs/data/Pro/DSA/dicom_all/IM_1039,/autodl-fs/data/Pro/DSA/dicom_all,25,1024,1024,MONOCHROME2,10,None,,3.0,Philips,Allura UNIQ,0,1
IM_1047,/autodl-fs/data/Pro/DSA/dicom_all/IM_1047,/autodl-fs/data/Pro/DSA/dicom_all,39,1024,1024,MONOCHROME2,10,None,,6.0,Philips,UNIQ Clarity,0,1
IM_1050,/autodl-fs/data/Pro/DSA/dicom_all/IM_1050,/autodl-fs/data/Pro/DSA/dicom_all,35,1024,1024,MONOCHROME2,10,None,,6.0,Philips,UNIQ Clarity,0,1
IM_1053,/autodl-fs/data/Pro/DSA/dicom_all/IM_1053,/autodl-fs/data/Pro/DSA/dicom_all,31,1024,1024,MONOCHROME2,10,None,,6.0,Philips,UNIQ Clarity,0,1
IM_1056,/autodl-fs/data/Pro/DSA/dicom_all/IM_1056,/autodl-fs/data/Pro/DSA/dicom_all,41,1024,1024,MONOCHROME2,10,None,,6.0,Philips,Allura UNIQ,0,1
IM_1060,/autodl-fs/data/Pro/DSA/dicom_all/IM_1060,/autodl-fs/data/Pro/DSA/dicom_all,39,1024,1024,MONOCHROME2,10,None,,6.0,Philips,UNIQ Clarity,0,1
IM_1063,/autodl-fs/data/Pro/DSA/dicom_all/IM_1063,/autodl-fs/data/Pro/DSA/dicom_all,43,1024,1024,MONOCHROME2,10,None,,6.0,Philips,UNIQ Clarity,0,1
IM_1066,/autodl-fs/data/Pro/DSA/dicom_all/IM_1066,/autodl-fs/data/Pro/DSA/dicom_all,21,1024,1024,MONOCHROME2,10,None,,3.0,Philips,Allura UNIQ,0,1
IM_1069,/autodl-fs/data/Pro/DSA/dicom_all/IM_1069,/autodl-fs/data/Pro/DSA/dicom_all,25,1024,1024,MONOCHROME2,10,None,,3.0,Philips,UNIQ Clarity,0,1
IM_1072,/autodl-fs/data/Pro/DSA/dicom_all/IM_1072,/autodl-fs/data/Pro/DSA/dicom_all,52,1024,1024,MONOCHROME2,10,None,,6.0,Philips,Allura UNIQ,0,1
IM_1077,/autodl-fs/data/Pro/DSA/dicom_all/IM_1077,/autodl-fs/data/Pro/DSA/dicom_all,24,1024,1024,MONOCHROME2,10,None,,3.0,Philips,UNIQ Clarity,0,1
IM_1080,/autodl-fs/data/Pro/DSA/dicom_all/IM_1080,/autodl-fs/data/Pro/DSA/dicom_all,24,1024,1024,MONOCHROME2,10,None,,3.0,Philips,UNIQ Clarity,0,1
IM_1083,/autodl-fs/data/Pro/DSA/dicom_all/IM_1083,/autodl-fs/data/Pro/DSA/dicom_all,28,1024,1024,MONOCHROME2,10,None,,3.0,Philips,Allura UNIQ,0,1
IM_1090,/autodl-fs/data/Pro/DSA/dicom_all/IM_1090,/autodl-fs/data/Pro/DSA/dicom_all,26,1024,1024,MONOCHROME2,10,None,,3.0,Philips,Allura UNIQ,0,1
IM_1095,/autodl-fs/data/Pro/DSA/dicom_all/IM_1095,/autodl-fs/data/Pro/DSA/dicom_all,52,1024,1024,MONOCHROME2,10,None,,6.0,Philips,Allura UNIQ,0,1
IM_1105,/autodl-fs/data/Pro/DSA/dicom_all/IM_1105,/autodl-fs/data/Pro/DSA/dicom_all,26,1024,1024,MONOCHROME2,10,None,,3.0,Philips,Allura UNIQ,0,1
IM_1110,/autodl-fs/data/Pro/DSA/dicom_all/IM_1110,/autodl-fs/data/Pro/DSA/dicom_all,41,1024,1024,MONOCHROME2,10,None,,6.0,Philips,UNIQ Clarity,0,1
IM_1113,/autodl-fs/data/Pro/DSA/dicom_all/IM_1113,/autodl-fs/data/Pro/DSA/dicom_all,38,1024,1024,MONOCHROME2,10,None,,6.0,Philips,UNIQ Clarity,0,1
IM_1116,/autodl-fs/data/Pro/DSA/dicom_all/IM_1116,/autodl-fs/data/Pro/DSA/dicom_all,25,1024,1024,MONOCHROME2,10,None,,3.0,Philips,UNIQ Clarity,0,1
IM_1119,/autodl-fs/data/Pro/DSA/dicom_all/IM_1119,/autodl-fs/data/Pro/DSA/dicom_all,40,1024,1024,MONOCHROME2,10,None,,6.0,Philips,Allura UNIQ,0,1
IM_1124,/autodl-fs/data/Pro/DSA/dicom_all/IM_1124,/autodl-fs/data/Pro/DSA/dicom_all,25,1024,1024,MONOCHROME2,10,None,,3.0,Philips,UNIQ Clarity,0,1
IM_1127,/autodl-fs/data/Pro/DSA/dicom_all/IM_1127,/autodl-fs/data/Pro/DSA/dicom_all,25,1024,1024,MONOCHROME2,10,None,,3.0,Philips,UNIQ Clarity,0,1
IM_1130,/autodl-fs/data/Pro/DSA/dicom_all/IM_1130,/autodl-fs/data/Pro/DSA/dicom_all,41,1024,1024,MONOCHROME2,10,None,,6.0,Philips,UNIQ Clarity,0,1
IM_1133,/autodl-fs/data/Pro/DSA/dicom_all/IM_1133,/autodl-fs/data/Pro/DSA/dicom_all,43,1024,1024,MONOCHROME2,10,None,,6.0,Philips,UNIQ Clarity,0,1
IM_1136,/autodl-fs/data/Pro/DSA/dicom_all/IM_1136,/autodl-fs/data/Pro/DSA/dicom_all,33,1024,1024,MONOCHROME2,10,None,,6.0,Philips,UNIQ Clarity,0,1
IM_1139,/autodl-fs/data/Pro/DSA/dicom_all/IM_1139,/autodl-fs/data/Pro/DSA/dicom_all,25,1024,1024,MONOCHROME2,10,None,,3.0,Philips,UNIQ Clarity,0,1
IM_1142,/autodl-fs/data/Pro/DSA/dicom_all/IM_1142,/autodl-fs/data/Pro/DSA/dicom_all,48,1024,1024,MONOCHROME2,10,None,,6.0,Philips,Allura UNIQ,0,1
IM_1150,/autodl-fs/data/Pro/DSA/dicom_all/IM_1150,/autodl-fs/data/Pro/DSA/dicom_all,20,1024,1024,MONOCHROME2,10,None,,3.0,Philips,UNIQ Clarity,0,1
IM_1153,/autodl-fs/data/Pro/DSA/dicom_all/IM_1153,/autodl-fs/data/Pro/DSA/dicom_all,39,1024,1024,MONOCHROME2,10,None,,6.0,Philips,Allura UNIQ,0,1
IM_1156,/autodl-fs/data/Pro/DSA/dicom_all/IM_1156,/autodl-fs/data/Pro/DSA/dicom_all,55,1024,1024,MONOCHROME2,10,None,,6.0,Philips,Allura UNIQ,0,1
IM_1161,/autodl-fs/data/Pro/DSA/dicom_all/IM_1161,/autodl-fs/data/Pro/DSA/dicom_all,49,1024,1024,MONOCHROME2,10,None,,6.0,Philips,Allura UNIQ,0,1
IM_1166,/autodl-fs/data/Pro/DSA/dicom_all/IM_1166,/autodl-fs/data/Pro/DSA/dicom_all,25,1024,1024,MONOCHROME2,10,None,,3.0,Philips,UNIQ Clarity,0,1
IM_1169,/autodl-fs/data/Pro/DSA/dicom_all/IM_1169,/autodl-fs/data/Pro/DSA/dicom_all,44,1024,1024,MONOCHROME2,10,None,,6.0,Philips,Allura UNIQ,0,1
IM_1176,/autodl-fs/data/Pro/DSA/dicom_all/IM_1176,/autodl-fs/data/Pro/DSA/dicom_all,20,1024,1024,MONOCHROME2,10,None,,3.0,Philips,UNIQ Clarity,0,1
IM_1179,/autodl-fs/data/Pro/DSA/dicom_all/IM_1179,/autodl-fs/data/Pro/DSA/dicom_all,40,1024,1024,MONOCHROME2,10,None,,6.0,Philips,Allura UNIQ,0,1
IM_1187,/autodl-fs/data/Pro/DSA/dicom_all/IM_1187,/autodl-fs/data/Pro/DSA/dicom_all,52,1024,1024,MONOCHROME2,10,None,,6.0,Philips,Allura UNIQ,0,1
IM_1192,/autodl-fs/data/Pro/DSA/dicom_all/IM_1192,/autodl-fs/data/Pro/DSA/dicom_all,28,1024,1024,MONOCHROME2,10,None,,3.0,Philips,UNIQ Clarity,0,1
IM_1195,/autodl-fs/data/Pro/DSA/dicom_all/IM_1195,/autodl-fs/data/Pro/DSA/dicom_all,25,1024,1024,MONOCHROME2,10,None,,3.0,Philips,UNIQ Clarity,0,1
IM_1198,/autodl-fs/data/Pro/DSA/dicom_all/IM_1198,/autodl-fs/data/Pro/DSA/dicom_all,25,1024,1024,MONOCHROME2,10,None,,3.0,Philips,Allura UNIQ,0,1
IM_1212,/autodl-fs/data/Pro/DSA/dicom_all/IM_1212,/autodl-fs/data/Pro/DSA/dicom_all,48,1024,1024,MONOCHROME2,10,None,,6.0,Philips,Allura UNIQ,0,1
IM_1215,/autodl-fs/data/Pro/DSA/dicom_all/IM_1215,/autodl-fs/data/Pro/DSA/dicom_all,54,1024,1024,MONOCHROME2,10,None,,6.0,Philips,Allura UNIQ,0,1
IM_1220,/autodl-fs/data/Pro/DSA/dicom_all/IM_1220,/autodl-fs/data/Pro/DSA/dicom_all,53,1024,1024,MONOCHROME2,10,None,,6.0,Philips,Allura UNIQ,0,1
IM_1225,/autodl-fs/data/Pro/DSA/dicom_all/IM_1225,/autodl-fs/data/Pro/DSA/dicom_all,26,1024,1024,MONOCHROME2,10,None,,3.0,Philips,UNIQ Clarity,0,1
IM_1228,/autodl-fs/data/Pro/DSA/dicom_all/IM_1228,/autodl-fs/data/Pro/DSA/dicom_all,42,1024,1024,MONOCHROME2,10,None,,6.0,Philips,UNIQ Clarity,0,1
IM_1231,/autodl-fs/data/Pro/DSA/dicom_all/IM_1231,/autodl-fs/data/Pro/DSA/dicom_all,47,1024,1024,MONOCHROME2,10,None,,6.0,Philips,Allura UNIQ,0,1
IM_1234,/autodl-fs/data/Pro/DSA/dicom_all/IM_1234,/autodl-fs/data/Pro/DSA/dicom_all,43,1024,1024,MONOCHROME2,10,None,,6.0,Philips,UNIQ Clarity,0,1
IM_1237,/autodl-fs/data/Pro/DSA/dicom_all/IM_1237,/autodl-fs/data/Pro/DSA/dicom_all,35,1024,1024,MONOCHROME2,10,None,,6.0,Philips,UNIQ Clarity,0,1
IM_1240,/autodl-fs/data/Pro/DSA/dicom_all/IM_1240,/autodl-fs/data/Pro/DSA/dicom_all,44,1024,1024,MONOCHROME2,10,None,,6.0,Philips,Allura UNIQ,0,1
IM_1248,/autodl-fs/data/Pro/DSA/dicom_all/IM_1248,/autodl-fs/data/Pro/DSA/dicom_all,41,1024,1024,MONOCHROME2,10,None,,6.0,Philips,Allura UNIQ,0,1
IM_1251,/autodl-fs/data/Pro/DSA/dicom_all/IM_1251,/autodl-fs/data/Pro/DSA/dicom_all,38,1024,1024,MONOCHROME2,10,None,,6.0,Philips,UNIQ Clarity,0,1
IM_1254,/autodl-fs/data/Pro/DSA/dicom_all/IM_1254,/autodl-fs/data/Pro/DSA/dicom_all,42,1024,1024,MONOCHROME2,10,None,,6.0,Philips,UNIQ Clarity,0,1
IM_1257,/autodl-fs/data/Pro/DSA/dicom_all/IM_1257,/autodl-fs/data/Pro/DSA/dicom_all,34,1024,1024,MONOCHROME2,10,None,,6.0,Philips,UNIQ Clarity,0,1
IM_1260,/autodl-fs/data/Pro/DSA/dicom_all/IM_1260,/autodl-fs/data/Pro/DSA/dicom_all,22,1024,1024,MONOCHROME2,10,None,,3.0,Philips,UNIQ Clarity,0,1
IM_1262,/autodl-fs/data/Pro/DSA/dicom_all/IM_1262,/autodl-fs/data/Pro/DSA/dicom_all,40,1024,1024,MONOCHROME2,10,None,,6.0,Philips,UNIQ Clarity,0,1
IM_1265,/autodl-fs/data/Pro/DSA/dicom_all/IM_1265,/autodl-fs/data/Pro/DSA/dicom_all,25,1024,1024,MONOCHROME2,10,None,,3.0,Philips,UNIQ Clarity,0,1
IM_1268,/autodl-fs/data/Pro/DSA/dicom_all/IM_1268,/autodl-fs/data/Pro/DSA/dicom_all,23,1024,1024,MONOCHROME2,10,None,,3.0,Philips,UNIQ Clarity,0,1
IM_1271,/autodl-fs/data/Pro/DSA/dicom_all/IM_1271,/autodl-fs/data/Pro/DSA/dicom_all,26,1024,1024,MONOCHROME2,10,None,,3.0,Philips,UNIQ Clarity,0,1
IM_1274,/autodl-fs/data/Pro/DSA/dicom_all/IM_1274,/autodl-fs/data/Pro/DSA/dicom_all,53,1024,1024,MONOCHROME2,10,None,,6.0,Philips,Allura UNIQ,0,1
IM_1282,/autodl-fs/data/Pro/DSA/dicom_all/IM_1282,/autodl-fs/data/Pro/DSA/dicom_all,27,1024,1024,MONOCHROME2,10,None,,3.0,Philips,UNIQ Clarity,0,1
IM_1285,/autodl-fs/data/Pro/DSA/dicom_all/IM_1285,/autodl-fs/data/Pro/DSA/dicom_all,49,1024,1024,MONOCHROME2,10,None,,6.0,Philips,Allura UNIQ,0,1
IM_1288,/autodl-fs/data/Pro/DSA/dicom_all/IM_1288,/autodl-fs/data/Pro/DSA/dicom_all,26,1024,1024,MONOCHROME2,10,None,,3.0,Philips,UNIQ Clarity,0,1
IM_1291,/autodl-fs/data/Pro/DSA/dicom_all/IM_1291,/autodl-fs/data/Pro/DSA/dicom_all,45,1024,1024,MONOCHROME2,10,None,,6.0,Philips,Allura UNIQ,0,1
IM_1296,/autodl-fs/data/Pro/DSA/dicom_all/IM_1296,/autodl-fs/data/Pro/DSA/dicom_all,35,1024,1024,MONOCHROME2,10,None,,6.0,Philips,Allura UNIQ,0,1
IM_1301,/autodl-fs/data/Pro/DSA/dicom_all/IM_1301,/autodl-fs/data/Pro/DSA/dicom_all,10,1024,1024,MONOCHROME2,10,None,,3.0,Philips,UNIQ Clarity,0,1
IM_1304,/autodl-fs/data/Pro/DSA/dicom_all/IM_1304,/autodl-fs/data/Pro/DSA/dicom_all,54,1024,1024,MONOCHROME2,10,None,,6.0,Philips,Allura UNIQ,0,1
IM_1311,/autodl-fs/data/Pro/DSA/dicom_all/IM_1311,/autodl-fs/data/Pro/DSA/dicom_all,47,1024,1024,MONOCHROME2,10,None,,6.0,Philips,Allura UNIQ,0,1
IM_1320,/autodl-fs/data/Pro/DSA/dicom_all/IM_1320,/autodl-fs/data/Pro/DSA/dicom_all,56,1024,1024,MONOCHROME2,10,None,,6.0,Philips,Allura UNIQ,0,1
IM_1325,/autodl-fs/data/Pro/DSA/dicom_all/IM_1325,/autodl-fs/data/Pro/DSA/dicom_all,45,1024,1024,MONOCHROME2,10,None,,6.0,Philips,UNIQ Clarity,0,1
IM_1328,/autodl-fs/data/Pro/DSA/dicom_all/IM_1328,/autodl-fs/data/Pro/DSA/dicom_all,26,1024,1024,MONOCHROME2,10,None,,3.0,Philips,UNIQ Clarity,0,1
IM_1331,/autodl-fs/data/Pro/DSA/dicom_all/IM_1331,/autodl-fs/data/Pro/DSA/dicom_all,23,1024,1024,MONOCHROME2,10,None,,3.0,Philips,UNIQ Clarity,0,1
IM_1334,/autodl-fs/data/Pro/DSA/dicom_all/IM_1334,/autodl-fs/data/Pro/DSA/dicom_all,48,1024,1024,MONOCHROME2,10,None,,6.0,Philips,Allura UNIQ,0,1
IM_1339,/autodl-fs/data/Pro/DSA/dicom_all/IM_1339,/autodl-fs/data/Pro/DSA/dicom_all,25,1024,1024,MONOCHROME2,10,None,,3.0,Philips,UNIQ Clarity,0,1
IM_1342,/autodl-fs/data/Pro/DSA/dicom_all/IM_1342,/autodl-fs/data/Pro/DSA/dicom_all,27,1024,1024,MONOCHROME2,10,None,,3.0,Philips,UNIQ Clarity,0,1
IM_1345,/autodl-fs/data/Pro/DSA/dicom_all/IM_1345,/autodl-fs/data/Pro/DSA/dicom_all,25,1024,1024,MONOCHROME2,10,None,,3.0,Philips,UNIQ Clarity,0,1
IM_1348,/autodl-fs/data/Pro/DSA/dicom_all/IM_1348,/autodl-fs/data/Pro/DSA/dicom_all,46,1024,1024,MONOCHROME2,10,None,,6.0,Philips,Allura UNIQ,0,1
IM_1356,/autodl-fs/data/Pro/DSA/dicom_all/IM_1356,/autodl-fs/data/Pro/DSA/dicom_all,40,1024,1024,MONOCHROME2,10,None,,6.0,Philips,Allura UNIQ,0,1
IM_1359,/autodl-fs/data/Pro/DSA/dicom_all/IM_1359,/autodl-fs/data/Pro/DSA/dicom_all,27,1024,1024,MONOCHROME2,10,None,,3.0,Philips,UNIQ Clarity,0,1
IM_1362,/autodl-fs/data/Pro/DSA/dicom_all/IM_1362,/autodl-fs/data/Pro/DSA/dicom_all,48,1024,1024,MONOCHROME2,10,None,,6.0,Philips,UNIQ Clarity,0,1
IM_1365,/autodl-fs/data/Pro/DSA/dicom_all/IM_1365,/autodl-fs/data/Pro/DSA/dicom_all,49,1024,1024,MONOCHROME2,10,None,,6.0,Philips,UNIQ Clarity,0,1
IM_1368,/autodl-fs/data/Pro/DSA/dicom_all/IM_1368,/autodl-fs/data/Pro/DSA/dicom_all,40,1024,1024,MONOCHROME2,10,None,,6.0,Philips,UNIQ Clarity,0,1
IM_1371,/autodl-fs/data/Pro/DSA/dicom_all/IM_1371,/autodl-fs/data/Pro/DSA/dicom_all,41,1024,1024,MONOCHROME2,10,None,,6.0,Philips,UNIQ Clarity,0,1
IM_1374,/autodl-fs/data/Pro/DSA/dicom_all/IM_1374,/autodl-fs/data/Pro/DSA/dicom_all,46,1024,1024,MONOCHROME2,10,None,,6.0,Philips,Allura UNIQ,0,1
IM_1382,/autodl-fs/data/Pro/DSA/dicom_all/IM_1382,/autodl-fs/data/Pro/DSA/dicom_all,25,1024,1024,MONOCHROME2,10,None,,3.0,Philips,UNIQ Clarity,0,1
IM_1385,/autodl-fs/data/Pro/DSA/dicom_all/IM_1385,/autodl-fs/data/Pro/DSA/dicom_all,40,1024,1024,MONOCHROME2,10,None,,6.0,Philips,UNIQ Clarity,0,1
IM_1388,/autodl-fs/data/Pro/DSA/dicom_all/IM_1388,/autodl-fs/data/Pro/DSA/dicom_all,42,1024,1024,MONOCHROME2,10,None,,6.0,Philips,UNIQ Clarity,0,1
IM_1391,/autodl-fs/data/Pro/DSA/dicom_all/IM_1391,/autodl-fs/data/Pro/DSA/dicom_all,39,1024,1024,MONOCHROME2,10,None,,6.0,Philips,UNIQ Clarity,0,1
IM_1394,/autodl-fs/data/Pro/DSA/dicom_all/IM_1394,/autodl-fs/data/Pro/DSA/dicom_all,42,1024,1024,MONOCHROME2,10,None,,6.0,Philips,Allura UNIQ,0,1
IM_1404,/autodl-fs/data/Pro/DSA/dicom_all/IM_1404,/autodl-fs/data/Pro/DSA/dicom_all,22,1024,1024,MONOCHROME2,10,None,,3.0,Philips,UNIQ Clarity,0,1
IM_1406,/autodl-fs/data/Pro/DSA/dicom_all/IM_1406,/autodl-fs/data/Pro/DSA/dicom_all,35,1024,1024,MONOCHROME2,10,None,,6.0,Philips,Allura UNIQ,0,1
IM_1411,/autodl-fs/data/Pro/DSA/dicom_all/IM_1411,/autodl-fs/data/Pro/DSA/dicom_all,41,1024,1024,MONOCHROME2,10,None,,6.0,Philips,UNIQ Clarity,0,1
IM_1414,/autodl-fs/data/Pro/DSA/dicom_all/IM_1414,/autodl-fs/data/Pro/DSA/dicom_all,54,1024,1024,MONOCHROME2,10,None,,6.0,Philips,Allura UNIQ,0,1
IM_1422,/autodl-fs/data/Pro/DSA/dicom_all/IM_1422,/autodl-fs/data/Pro/DSA/dicom_all,42,1024,1024,MONOCHROME2,10,None,,6.0,Philips,UNIQ Clarity,0,1
IM_1425,/autodl-fs/data/Pro/DSA/dicom_all/IM_1425,/autodl-fs/data/Pro/DSA/dicom_all,46,1024,1024,MONOCHROME2,10,None,,6.0,Philips,UNIQ Clarity,0,1
IM_1428,/autodl-fs/data/Pro/DSA/dicom_all/IM_1428,/autodl-fs/data/Pro/DSA/dicom_all,43,1024,1024,MONOCHROME2,10,None,,6.0,Philips,UNIQ Clarity,0,1
IM_1431,/autodl-fs/data/Pro/DSA/dicom_all/IM_1431,/autodl-fs/data/Pro/DSA/dicom_all,41,1024,1024,MONOCHROME2,10,None,,6.0,Philips,UNIQ Clarity,0,1
IM_1434,/autodl-fs/data/Pro/DSA/dicom_all/IM_1434,/autodl-fs/data/Pro/DSA/dicom_all,46,1024,1024,MONOCHROME2,10,None,,6.0,Philips,Allura UNIQ,0,1
IM_1441,/autodl-fs/data/Pro/DSA/dicom_all/IM_1441,/autodl-fs/data/Pro/DSA/dicom_all,43,1024,1024,MONOCHROME2,10,None,,6.0,Philips,UNIQ Clarity,0,1
IM_1444,/autodl-fs/data/Pro/DSA/dicom_all/IM_1444,/autodl-fs/data/Pro/DSA/dicom_all,46,1024,1024,MONOCHROME2,10,None,,6.0,Philips,UNIQ Clarity,0,1
IM_1447,/autodl-fs/data/Pro/DSA/dicom_all/IM_1447,/autodl-fs/data/Pro/DSA/dicom_all,40,1024,1024,MONOCHROME2,10,None,,6.0,Philips,UNIQ Clarity,0,1
IM_1450,/autodl-fs/data/Pro/DSA/dicom_all/IM_1450,/autodl-fs/data/Pro/DSA/dicom_all,47,1024,1024,MONOCHROME2,10,None,,6.0,Philips,Allura UNIQ,0,1
IM_1455,/autodl-fs/data/Pro/DSA/dicom_all/IM_1455,/autodl-fs/data/Pro/DSA/dicom_all,49,1024,1024,MONOCHROME2,10,None,,6.0,Philips,Allura UNIQ,0,1
IM_1460,/autodl-fs/data/Pro/DSA/dicom_all/IM_1460,/autodl-fs/data/Pro/DSA/dicom_all,48,1024,1024,MONOCHROME2,10,None,,6.0,Philips,UNIQ Clarity,0,1
IM_1463,/autodl-fs/data/Pro/DSA/dicom_all/IM_1463,/autodl-fs/data/Pro/DSA/dicom_all,39,1024,1024,MONOCHROME2,10,None,,6.0,Philips,Allura UNIQ,0,1
IM_1471,/autodl-fs/data/Pro/DSA/dicom_all/IM_1471,/autodl-fs/data/Pro/DSA/dicom_all,41,1024,1024,MONOCHROME2,10,None,,6.0,Philips,UNIQ Clarity,0,1
IM_1474,/autodl-fs/data/Pro/DSA/dicom_all/IM_1474,/autodl-fs/data/Pro/DSA/dicom_all,44,1024,1024,MONOCHROME2,10,None,,6.0,Philips,UNIQ Clarity,0,1
IM_1477,/autodl-fs/data/Pro/DSA/dicom_all/IM_1477,/autodl-fs/data/Pro/DSA/dicom_all,37,1024,1024,MONOCHROME2,10,None,,6.0,Philips,UNIQ Clarity,0,1
IM_1480,/autodl-fs/data/Pro/DSA/dicom_all/IM_1480,/autodl-fs/data/Pro/DSA/dicom_all,48,1024,1024,MONOCHROME2,10,None,,6.0,Philips,Allura UNIQ,0,1
IM_1488,/autodl-fs/data/Pro/DSA/dicom_all/IM_1488,/autodl-fs/data/Pro/DSA/dicom_all,22,1024,1024,MONOCHROME2,10,None,,3.0,Philips,Allura UNIQ,0,1
IM_1493,/autodl-fs/data/Pro/DSA/dicom_all/IM_1493,/autodl-fs/data/Pro/DSA/dicom_all,25,1024,1024,MONOCHROME2,10,None,,3.0,Philips,UNIQ Clarity,0,1
IM_1496,/autodl-fs/data/Pro/DSA/dicom_all/IM_1496,/autodl-fs/data/Pro/DSA/dicom_all,26,1024,1024,MONOCHROME2,10,None,,3.0,Philips,Allura UNIQ,0,1
IM_1504,/autodl-fs/data/Pro/DSA/dicom_all/IM_1504,/autodl-fs/data/Pro/DSA/dicom_all,27,1024,1024,MONOCHROME2,10,None,,3.0,Philips,UNIQ Clarity,0,1
IM_1507,/autodl-fs/data/Pro/DSA/dicom_all/IM_1507,/autodl-fs/data/Pro/DSA/dicom_all,24,1024,1024,MONOCHROME2,10,None,,3.0,Philips,Allura UNIQ,0,1
IM_1514,/autodl-fs/data/Pro/DSA/dicom_all/IM_1514,/autodl-fs/data/Pro/DSA/dicom_all,1,1024,1024,MONOCHROME2,10,None,,,Philips,UNIQ Clarity,0,1
IM_1515,/autodl-fs/data/Pro/DSA/dicom_all/IM_1515,/autodl-fs/data/Pro/DSA/dicom_all,78,1024,1024,MONOCHROME2,10,None,66.667,15.0,Philips,UNIQ Clarity,0,1
IM_1517,/autodl-fs/data/Pro/DSA/dicom_all/IM_1517,/autodl-fs/data/Pro/DSA/dicom_all,86,1024,1024,MONOCHROME2,10,None,66.667,15.0,Philips,UNIQ Clarity,0,1
IM_1519,/autodl-fs/data/Pro/DSA/dicom_all/IM_1519,/autodl-fs/data/Pro/DSA/dicom_all,27,1024,1024,MONOCHROME2,10,None,,3.0,Philips,UNIQ Clarity,0,1
IM_1521,/autodl-fs/data/Pro/DSA/dicom_all/IM_1521,/autodl-fs/data/Pro/DSA/dicom_all,285,1024,1024,MONOCHROME2,10,None,66.667,15.0,Philips,UNIQ Clarity,0,1
IM_1523,/autodl-fs/data/Pro/DSA/dicom_all/IM_1523,/autodl-fs/data/Pro/DSA/dicom_all,33,1024,1024,MONOCHROME2,10,None,66.667,15.0,Philips,UNIQ Clarity,0,1
IM_1525,/autodl-fs/data/Pro/DSA/dicom_all/IM_1525,/autodl-fs/data/Pro/DSA/dicom_all,65,1024,1024,MONOCHROME2,10,None,66.667,15.0,Philips,UNIQ Clarity,0,1
IM_1527,/autodl-fs/data/Pro/DSA/dicom_all/IM_1527,/autodl-fs/data/Pro/DSA/dicom_all,21,1024,1024,MONOCHROME2,10,None,,3.0,Philips,UNIQ Clarity,0,1
IM_1530,/autodl-fs/data/Pro/DSA/dicom_all/IM_1530,/autodl-fs/data/Pro/DSA/dicom_all,22,1024,1024,MONOCHROME2,10,None,,3.0,Philips,UNIQ Clarity,0,1
IM_1533,/autodl-fs/data/Pro/DSA/dicom_all/IM_1533,/autodl-fs/data/Pro/DSA/dicom_all,23,1024,1024,MONOCHROME2,10,None,,3.0,Philips,Allura UNIQ,0,1
IM_1536,/autodl-fs/data/Pro/DSA/dicom_all/IM_1536,/autodl-fs/data/Pro/DSA/dicom_all,24,1024,1024,MONOCHROME2,10,None,,3.0,Philips,Allura UNIQ,0,1
IM_1543,/autodl-fs/data/Pro/DSA/dicom_all/IM_1543,/autodl-fs/data/Pro/DSA/dicom_all,49,1024,1024,MONOCHROME2,10,None,,6.0,Philips,Allura UNIQ,0,1
IM_1572,/autodl-fs/data/Pro/DSA/dicom_all/IM_1572,/autodl-fs/data/Pro/DSA/dicom_all,43,1024,1024,MONOCHROME2,10,None,,6.0,Philips,UNIQ Clarity,0,1
IM_1574,/autodl-fs/data/Pro/DSA/dicom_all/IM_1574,/autodl-fs/data/Pro/DSA/dicom_all,43,1024,1024,MONOCHROME2,10,None,,6.0,Philips,UNIQ Clarity,0,1
IM_1576,/autodl-fs/data/Pro/DSA/dicom_all/IM_1576,/autodl-fs/data/Pro/DSA/dicom_all,41,1024,1024,MONOCHROME2,10,None,,6.0,Philips,UNIQ Clarity,0,1
IM_1579,/autodl-fs/data/Pro/DSA/dicom_all/IM_1579,/autodl-fs/data/Pro/DSA/dicom_all,43,1024,1024,MONOCHROME2,10,None,,6.0,Philips,Allura UNIQ,0,1
IM_1584,/autodl-fs/data/Pro/DSA/dicom_all/IM_1584,/autodl-fs/data/Pro/DSA/dicom_all,39,1024,1024,MONOCHROME2,10,None,,6.0,Philips,UNIQ Clarity,0,1
IM_1587,/autodl-fs/data/Pro/DSA/dicom_all/IM_1587,/autodl-fs/data/Pro/DSA/dicom_all,38,1024,1024,MONOCHROME2,10,None,,6.0,Philips,UNIQ Clarity,0,1
IM_1590,/autodl-fs/data/Pro/DSA/dicom_all/IM_1590,/autodl-fs/data/Pro/DSA/dicom_all,42,1024,1024,MONOCHROME2,10,None,,6.0,Philips,UNIQ Clarity,0,1
IM_1593,/autodl-fs/data/Pro/DSA/dicom_all/IM_1593,/autodl-fs/data/Pro/DSA/dicom_all,45,1024,1024,MONOCHROME2,10,None,,6.0,Philips,Allura UNIQ,0,1
IM_1602,/autodl-fs/data/Pro/DSA/dicom_all/IM_1602,/autodl-fs/data/Pro/DSA/dicom_all,43,1024,1024,MONOCHROME2,10,None,,6.0,Philips,UNIQ Clarity,0,1
IM_1605,/autodl-fs/data/Pro/DSA/dicom_all/IM_1605,/autodl-fs/data/Pro/DSA/dicom_all,34,1024,1024,MONOCHROME2,10,None,,6.0,Philips,UNIQ Clarity,0,1
IM_1608,/autodl-fs/data/Pro/DSA/dicom_all/IM_1608,/autodl-fs/data/Pro/DSA/dicom_all,25,1024,1024,MONOCHROME2,10,None,,3.0,Philips,Allura UNIQ,0,1
IM_1616,/autodl-fs/data/Pro/DSA/dicom_all/IM_1616,/autodl-fs/data/Pro/DSA/dicom_all,23,1024,1024,MONOCHROME2,10,None,,3.0,Philips,UNIQ Clarity,0,1
IM_1619,/autodl-fs/data/Pro/DSA/dicom_all/IM_1619,/autodl-fs/data/Pro/DSA/dicom_all,34,1024,1024,MONOCHROME2,10,None,,6.0,Philips,UNIQ Clarity,0,1
IM_1622,/autodl-fs/data/Pro/DSA/dicom_all/IM_1622,/autodl-fs/data/Pro/DSA/dicom_all,37,1024,1024,MONOCHROME2,10,None,,6.0,Philips,UNIQ Clarity,0,1
IM_1625,/autodl-fs/data/Pro/DSA/dicom_all/IM_1625,/autodl-fs/data/Pro/DSA/dicom_all,48,1024,1024,MONOCHROME2,10,None,,6.0,Philips,Allura UNIQ,0,1
IM_1634,/autodl-fs/data/Pro/DSA/dicom_all/IM_1634,/autodl-fs/data/Pro/DSA/dicom_all,40,1024,1024,MONOCHROME2,10,None,,6.0,Philips,UNIQ Clarity,0,1
IM_1637,/autodl-fs/data/Pro/DSA/dicom_all/IM_1637,/autodl-fs/data/Pro/DSA/dicom_all,42,1024,1024,MONOCHROME2,10,None,,6.0,Philips,UNIQ Clarity,0,1
IM_1640,/autodl-fs/data/Pro/DSA/dicom_all/IM_1640,/autodl-fs/data/Pro/DSA/dicom_all,42,1024,1024,MONOCHROME2,10,None,,6.0,Philips,UNIQ Clarity,0,1
IM_1643,/autodl-fs/data/Pro/DSA/dicom_all/IM_1643,/autodl-fs/data/Pro/DSA/dicom_all,43,1024,1024,MONOCHROME2,10,None,,6.0,Philips,UNIQ Clarity,0,1
IM_1646,/autodl-fs/data/Pro/DSA/dicom_all/IM_1646,/autodl-fs/data/Pro/DSA/dicom_all,46,1024,1024,MONOCHROME2,10,None,,6.0,Philips,Allura UNIQ,0,1
IM_1654,/autodl-fs/data/Pro/DSA/dicom_all/IM_1654,/autodl-fs/data/Pro/DSA/dicom_all,32,1024,1024,MONOCHROME2,10,None,,4.0,Philips,UNIQ Clarity,0,1
IM_1657,/autodl-fs/data/Pro/DSA/dicom_all/IM_1657,/autodl-fs/data/Pro/DSA/dicom_all,44,1024,1024,MONOCHROME2,10,None,,6.0,Philips,UNIQ Clarity,0,1
IM_1659,/autodl-fs/data/Pro/DSA/dicom_all/IM_1659,/autodl-fs/data/Pro/DSA/dicom_all,42,1024,1024,MONOCHROME2,10,None,,6.0,Philips,Allura UNIQ,0,1
IM_1667,/autodl-fs/data/Pro/DSA/dicom_all/IM_1667,/autodl-fs/data/Pro/DSA/dicom_all,41,1024,1024,MONOCHROME2,10,None,,6.0,Philips,Allura UNIQ,0,1
IM_1675,/autodl-fs/data/Pro/DSA/dicom_all/IM_1675,/autodl-fs/data/Pro/DSA/dicom_all,41,1024,1024,MONOCHROME2,10,None,,6.0,Philips,UNIQ Clarity,0,1
IM_1678,/autodl-fs/data/Pro/DSA/dicom_all/IM_1678,/autodl-fs/data/Pro/DSA/dicom_all,44,1024,1024,MONOCHROME2,10,None,,6.0,Philips,UNIQ Clarity,0,1
IM_1681,/autodl-fs/data/Pro/DSA/dicom_all/IM_1681,/autodl-fs/data/Pro/DSA/dicom_all,42,1024,1024,MONOCHROME2,10,None,,6.0,Philips,UNIQ Clarity,0,1
IM_1685,/autodl-fs/data/Pro/DSA/dicom_all/IM_1685,/autodl-fs/data/Pro/DSA/dicom_all,49,1024,1024,MONOCHROME2,10,None,,6.0,Philips,Allura UNIQ,0,1
IM_1688,/autodl-fs/data/Pro/DSA/dicom_all/IM_1688,/autodl-fs/data/Pro/DSA/dicom_all,41,1024,1024,MONOCHROME2,10,None,,6.0,Philips,UNIQ Clarity,0,1
IM_1691,/autodl-fs/data/Pro/DSA/dicom_all/IM_1691,/autodl-fs/data/Pro/DSA/dicom_all,37,1024,1024,MONOCHROME2,10,None,,6.0,Philips,UNIQ Clarity,0,1
IM_1694,/autodl-fs/data/Pro/DSA/dicom_all/IM_1694,/autodl-fs/data/Pro/DSA/dicom_all,38,1024,1024,MONOCHROME2,10,None,,6.0,Philips,UNIQ Clarity,0,1
IM_1697,/autodl-fs/data/Pro/DSA/dicom_all/IM_1697,/autodl-fs/data/Pro/DSA/dicom_all,40,1024,1024,MONOCHROME2,10,None,,6.0,Philips,UNIQ Clarity,0,1
IM_1700,/autodl-fs/data/Pro/DSA/dicom_all/IM_1700,/autodl-fs/data/Pro/DSA/dicom_all,54,1024,1024,MONOCHROME2,10,None,,6.0,Philips,Allura UNIQ,0,1
IM_1705,/autodl-fs/data/Pro/DSA/dicom_all/IM_1705,/autodl-fs/data/Pro/DSA/dicom_all,43,1024,1024,MONOCHROME2,10,None,,6.0,Philips,UNIQ Clarity,0,1
IM_1707,/autodl-fs/data/Pro/DSA/dicom_all/IM_1707,/autodl-fs/data/Pro/DSA/dicom_all,41,1024,1024,MONOCHROME2,10,None,,6.0,Philips,UNIQ Clarity,0,1
IM_1710,/autodl-fs/data/Pro/DSA/dicom_all/IM_1710,/autodl-fs/data/Pro/DSA/dicom_all,42,1024,1024,MONOCHROME2,10,None,,6.0,Philips,Allura UNIQ,0,1
IM_1718,/autodl-fs/data/Pro/DSA/dicom_all/IM_1718,/autodl-fs/data/Pro/DSA/dicom_all,47,1024,1024,MONOCHROME2,10,None,,6.0,Philips,Allura UNIQ,0,1
IM_1728,/autodl-fs/data/Pro/DSA/dicom_all/IM_1728,/autodl-fs/data/Pro/DSA/dicom_all,38,1024,1024,MONOCHROME2,10,None,,6.0,Philips,UNIQ Clarity,0,1
IM_1731,/autodl-fs/data/Pro/DSA/dicom_all/IM_1731,/autodl-fs/data/Pro/DSA/dicom_all,1,1024,1024,MONOCHROME2,10,None,,,Philips,Allura UNIQ,0,1
IM_1732,/autodl-fs/data/Pro/DSA/dicom_all/IM_1732,/autodl-fs/data/Pro/DSA/dicom_all,1,1024,1024,MONOCHROME2,10,None,,,Philips,Allura UNIQ,0,1
IM_1733,/autodl-fs/data/Pro/DSA/dicom_all/IM_1733,/autodl-fs/data/Pro/DSA/dicom_all,1,1024,1024,MONOCHROME2,10,None,,,Philips,Allura UNIQ,0,1
IM_1734,/autodl-fs/data/Pro/DSA/dicom_all/IM_1734,/autodl-fs/data/Pro/DSA/dicom_all,1,1024,1024,MONOCHROME2,10,None,,,Philips,Allura UNIQ,0,1
IM_1735,/autodl-fs/data/Pro/DSA/dicom_all/IM_1735,/autodl-fs/data/Pro/DSA/dicom_all,1,1024,1024,MONOCHROME2,10,None,,,Philips,Allura UNIQ,0,1
IM_1742,/autodl-fs/data/Pro/DSA/dicom_all/IM_1742,/autodl-fs/data/Pro/DSA/dicom_all,35,1024,1024,MONOCHROME2,10,None,,6.0,Philips,UNIQ Clarity,0,1
IM_1745,/autodl-fs/data/Pro/DSA/dicom_all/IM_1745,/autodl-fs/data/Pro/DSA/dicom_all,44,1024,1024,MONOCHROME2,10,None,,6.0,Philips,Allura UNIQ,0,1
IM_1750,/autodl-fs/data/Pro/DSA/dicom_all/IM_1750,/autodl-fs/data/Pro/DSA/dicom_all,40,1024,1024,MONOCHROME2,10,None,,6.0,Philips,Allura UNIQ,0,1
IM_1757,/autodl-fs/data/Pro/DSA/dicom_all/IM_1757,/autodl-fs/data/Pro/DSA/dicom_all,36,1024,1024,MONOCHROME2,10,None,,6.0,Philips,Allura UNIQ,0,1
IM_1763,/autodl-fs/data/Pro/DSA/dicom_all/IM_1763,/autodl-fs/data/Pro/DSA/dicom_all,45,1024,1024,MONOCHROME2,10,None,,6.0,Philips,UNIQ Clarity,0,1
IM_1766,/autodl-fs/data/Pro/DSA/dicom_all/IM_1766,/autodl-fs/data/Pro/DSA/dicom_all,39,1024,1024,MONOCHROME2,10,None,,6.0,Philips,UNIQ Clarity,0,1
IM_1769,/autodl-fs/data/Pro/DSA/dicom_all/IM_1769,/autodl-fs/data/Pro/DSA/dicom_all,47,1024,1024,MONOCHROME2,10,None,,6.0,Philips,Allura UNIQ,0,1
IM_1772,/autodl-fs/data/Pro/DSA/dicom_all/IM_1772,/autodl-fs/data/Pro/DSA/dicom_all,43,1024,1024,MONOCHROME2,10,None,,6.0,Philips,UNIQ Clarity,0,1
IM_1775,/autodl-fs/data/Pro/DSA/dicom_all/IM_1775,/autodl-fs/data/Pro/DSA/dicom_all,42,1024,1024,MONOCHROME2,10,None,,6.0,Philips,UNIQ Clarity,0,1
IM_1778,/autodl-fs/data/Pro/DSA/dicom_all/IM_1778,/autodl-fs/data/Pro/DSA/dicom_all,39,1024,1024,MONOCHROME2,10,None,,4.0,Philips,UNIQ Clarity,0,1
IM_1780,/autodl-fs/data/Pro/DSA/dicom_all/IM_1780,/autodl-fs/data/Pro/DSA/dicom_all,51,1024,1024,MONOCHROME2,10,None,,6.0,Philips,Allura UNIQ,0,1
IM_1788,/autodl-fs/data/Pro/DSA/dicom_all/IM_1788,/autodl-fs/data/Pro/DSA/dicom_all,41,1024,1024,MONOCHROME2,10,None,,6.0,Philips,UNIQ Clarity,0,1
IM_1790,/autodl-fs/data/Pro/DSA/dicom_all/IM_1790,/autodl-fs/data/Pro/DSA/dicom_all,42,1024,1024,MONOCHROME2,10,None,,6.0,Philips,UNIQ Clarity,0,1
IM_1793,/autodl-fs/data/Pro/DSA/dicom_all/IM_1793,/autodl-fs/data/Pro/DSA/dicom_all,46,1024,1024,MONOCHROME2,10,None,,6.0,Philips,Allura UNIQ,0,1
IM_1801,/autodl-fs/data/Pro/DSA/dicom_all/IM_1801,/autodl-fs/data/Pro/DSA/dicom_all,43,1024,1024,MONOCHROME2,10,None,,6.0,Philips,UNIQ Clarity,0,1
IM_1804,/autodl-fs/data/Pro/DSA/dicom_all/IM_1804,/autodl-fs/data/Pro/DSA/dicom_all,44,1024,1024,MONOCHROME2,10,None,,6.0,Philips,UNIQ Clarity,0,1
IM_1807,/autodl-fs/data/Pro/DSA/dicom_all/IM_1807,/autodl-fs/data/Pro/DSA/dicom_all,46,1024,1024,MONOCHROME2,10,None,,6.0,Philips,Allura UNIQ,0,1
IM_1816,/autodl-fs/data/Pro/DSA/dicom_all/IM_1816,/autodl-fs/data/Pro/DSA/dicom_all,37,1024,1024,MONOCHROME2,10,None,,6.0,Philips,UNIQ Clarity,0,1
IM_1819,/autodl-fs/data/Pro/DSA/dicom_all/IM_1819,/autodl-fs/data/Pro/DSA/dicom_all,41,1024,1024,MONOCHROME2,10,None,,6.0,Philips,UNIQ Clarity,0,1
IM_1822,/autodl-fs/data/Pro/DSA/dicom_all/IM_1822,/autodl-fs/data/Pro/DSA/dicom_all,23,1024,1024,MONOCHROME2,10,None,,3.0,Philips,Allura UNIQ,0,1
IM_1830,/autodl-fs/data/Pro/DSA/dicom_all/IM_1830,/autodl-fs/data/Pro/DSA/dicom_all,49,1024,1024,MONOCHROME2,10,None,,6.0,Philips,Allura UNIQ,0,1
IM_1835,/autodl-fs/data/Pro/DSA/dicom_all/IM_1835,/autodl-fs/data/Pro/DSA/dicom_all,39,1024,1024,MONOCHROME2,10,None,,6.0,Philips,UNIQ Clarity,0,1
IM_1838,/autodl-fs/data/Pro/DSA/dicom_all/IM_1838,/autodl-fs/data/Pro/DSA/dicom_all,36,1024,1024,MONOCHROME2,10,None,,4.0,Philips,UNIQ Clarity,0,1
IM_1841,/autodl-fs/data/Pro/DSA/dicom_all/IM_1841,/autodl-fs/data/Pro/DSA/dicom_all,45,1024,1024,MONOCHROME2,10,None,,6.0,Philips,Allura UNIQ,0,1
IM_1846,/autodl-fs/data/Pro/DSA/dicom_all/IM_1846,/autodl-fs/data/Pro/DSA/dicom_all,40,1024,1024,MONOCHROME2,10,None,,6.0,Philips,UNIQ Clarity,0,1
IM_1849,/autodl-fs/data/Pro/DSA/dicom_all/IM_1849,/autodl-fs/data/Pro/DSA/dicom_all,50,1024,1024,MONOCHROME2,10,None,,6.0,Philips,Allura UNIQ,0,1
IM_1858,/autodl-fs/data/Pro/DSA/dicom_all/IM_1858,/autodl-fs/data/Pro/DSA/dicom_all,36,1024,1024,MONOCHROME2,10,None,,6.0,Philips,UNIQ Clarity,0,1
